temperature,water_level,tds_level,env_humidity,pump_in,pump_out,cooler,heater,tds_plants,tds_fishes,mist_sprayer,ventilation
23.85,27.29,175.33,57.84,0,1,0,0,1,0,1,0
41.22,24.75,426.64,68.24,0,0,1,0,0,1,0,1
15.46,22.86,529.45,54.39,0,0,0,1,0,0,1,0
22.17,22.64,75.45,58.82,0,0,0,0,0,0,1,1
31.97,20.01,189.88,64.25,0,0,1,0,1,0,0,0
33.66,24.44,441.19,68.13,0,0,1,0,0,1,0,0
35.55,22.16,317.19,58.19,0,0,1,0,1,1,1,0
27.24,18.79,241.32,67.24,1,0,0,0,1,1,0,0
36.84,20.86,333.34,62.36,0,0,1,0,1,1,0,0
28.9,21.13,404.71,72.95,0,0,0,0,0,1,0,1
29.4,24.7,224.36,65.92,0,0,0,0,0,1,0,0
23.76,21.97,260.77,69.88,0,0,0,0,1,1,0,0
25.67,22.45,268.68,64.25,0,0,0,0,1,1,0,0
32.01,22.27,335.98,67.49,0,0,1,0,1,1,0,0
31.8,25.12,309.24,74.1,0,1,1,0,1,1,0,1
18.86,20.88,282.43,57.59,0,0,0,1,1,1,1,0
34.3,18.0,343.8,67.82,1,0,1,0,1,1,0,0
23.59,19.32,374.38,62.03,1,0,0,0,1,1,0,0
27.1,22.25,235.8,68.19,0,0,0,0,1,1,0,0
32.63,23.13,335.07,57.28,0,0,1,0,1,1,1,0
23.42,22.83,278.62,65.03,0,0,0,0,1,1,0,0
28.87,21.76,358.9,62.76,0,0,0,0,1,1,0,0
30.62,23.68,212.68,58.14,0,0,1,0,1,1,1,0
33.84,20.29,317.02,64.72,0,0,1,0,1,1,0,0
28.98,22.23,276.05,63.86,0,0,0,0,1,0,0,0
39.33,25.96,154.75,61.0,0,1,1,0,0,0,0,0
19.24,23.26,477.51,60.61,0,0,0,1,0,1,0,0
31.04,25.8,294.02,60.56,0,1,1,0,1,1,0,0
28.09,24.5,280.9,61.92,0,0,0,0,1,1,0,0
24.23,21.78,151.59,71.22,0,0,0,0,1,0,0,1
27.11,22.4,289.37,66.5,0,0,0,0,1,1,0,0
27.96,18.16,315.62,66.59,1,0,0,0,1,1,0,0
21.26,17.85,295.98,68.93,1,0,0,1,1,1,0,0
32.71,23.58,364.81,62.99,0,0,1,0,1,1,0,0
33.59,21.54,313.62,73.36,0,0,1,0,1,1,0,1
35.71,19.48,466.0,61.66,1,0,1,0,0,1,0,0
24.19,24.3,408.85,70.97,0,0,1,0,0,1,0,1
22.26,22.95,393.68,67.11,0,0,0,0,1,1,0,0
20.27,24.11,257.22,61.18,0,0,0,1,1,1,0,0
36.31,19.85,285.53,57.5,1,0,1,0,1,1,1,0
23.9,25.09,170.08,70.91,0,1,0,0,1,0,0,1
32.46,23.09,58.02,66.26,0,0,0,0,1,0,0,0
31.73,19.41,295.7,60.75,1,0,1,0,1,1,0,0
33.73,20.28,222.0,71.53,0,0,1,0,1,1,0,1
31.02,20.32,228.07,68.85,0,0,1,0,1,1,0,0
34.09,23.39,225.51,55.56,0,0,1,0,1,1,1,0
36.51,22.83,292.11,53.76,0,0,1,0,1,1,1,0
22.82,19.43,339.84,63.98,1,0,0,0,1,1,0,0
19.93,22.3,189.67,66.09,0,0,0,1,1,0,0,0
44.34,22.82,351.34,69.53,0,0,1,0,1,1,0,0
35.5,23.51,208.15,70.32,0,0,1,0,1,1,0,1
27.09,22.72,376.32,70.65,0,0,0,0,1,1,0,1
24.99,26.99,369.85,62.23,0,1,0,0,1,1,0,0
25.33,29.05,267.85,68.69,0,1,0,0,1,1,0,0
30.76,23.57,126.78,67.03,0,0,1,0,1,0,0,0
25.33,25.37,356.81,66.28,0,1,0,1,1,1,0,0
27.85,22.66,550.18,66.97,0,0,0,0,0,0,0,0
19.84,18.47,276.92,69.61,1,0,0,1,1,1,0,0
33.54,18.74,342.62,66.11,1,0,1,0,1,1,0,0
16.69,21.76,205.83,72.12,0,0,0,1,1,1,0,1
25.36,24.83,306.7,69.42,0,0,0,0,1,1,0,0
26.9,23.82,268.12,61.93,0,0,0,0,1,1,0,0
25.41,23.95,228.8,64.7,0,0,0,0,1,1,0,0
31.67,22.97,214.67,61.94,0,0,1,0,1,1,0,0
34.94,24.29,340.88,64.3,0,0,1,0,1,1,0,0
30.06,24.26,358.35,70.51,0,0,1,0,1,1,0,1
27.57,25.3,293.93,66.39,0,1,0,0,1,1,0,0
30.35,23.81,346.6,66.27,0,0,1,0,1,0,0,0
34.47,19.82,457.61,68.43,1,0,1,0,0,1,0,0
34.82,26.29,412.11,63.31,0,1,1,0,0,1,0,0
31.58,22.34,315.32,68.58,0,0,1,0,1,1,0,0
29.08,21.17,185.79,63.24,0,0,0,0,1,0,0,0
25.21,18.6,137.31,74.56,1,0,0,0,1,0,0,1
30.46,26.43,424.69,68.81,0,1,1,0,0,1,0,0
27.55,24.57,380.74,58.81,0,0,0,0,1,1,1,0
29.31,20.26,208.79,63.58,0,0,0,0,1,1,0,0
32.15,26.39,185.4,69.14,0,0,1,0,1,0,0,0
24.29,22.12,308.54,67.06,0,0,0,0,1,1,0,0
27.11,28.18,262.95,59.62,0,1,0,0,1,1,1,0
24.77,20.92,299.33,60.92,0,0,0,0,0,1,0,0
30.19,16.6,397.16,66.36,1,0,1,0,1,1,0,0
29.95,20.89,406.94,56.31,0,0,0,0,0,1,1,0
29.31,24.18,229.65,63.65,0,0,0,0,1,1,0,0
30.67,25.7,333.16,52.82,0,1,1,0,1,1,1,0
35.28,22.02,418.12,68.23,0,0,1,0,0,1,0,0
19.28,26.05,148.23,64.25,0,1,0,1,1,0,0,0
33.18,23.61,411.23,63.59,0,0,1,0,0,1,0,0
35.72,21.85,453.97,61.94,0,0,1,0,0,1,0,0
23.02,22.46,355.72,64.68,0,0,0,0,1,1,0,0
19.66,23.96,284.09,65.9,0,0,0,1,1,1,0,0
28.83,24.67,455.03,64.89,0,0,0,0,0,1,0,0
28.32,22.92,333.39,59.57,0,0,0,0,1,1,1,0
24.38,23.42,574.13,71.73,0,0,1,0,0,0,0,0
14.55,23.7,288.05,70.07,0,0,0,1,1,1,0,1
31.87,21.15,163.48,63.28,0,0,1,0,1,0,0,0
16.09,23.2,118.21,62.15,0,0,0,1,1,0,0,0
35.86,21.76,238.67,66.81,0,0,1,0,1,1,0,0
22.67,21.35,276.9,64.45,0,0,0,0,1,1,0,0
26.19,19.98,339.94,64.29,1,0,0,0,1,1,0,0
37.93,26.78,217.87,64.53,0,1,1,0,1,1,0,0
31.0,23.89,399.25,67.52,0,0,1,0,1,1,0,0
26.72,17.33,346.4,57.83,1,0,0,0,1,0,1,0
30.1,19.71,337.71,62.38,1,0,1,0,1,1,0,0
13.56,22.18,138.7,66.41,0,0,0,1,1,0,0,0
28.71,23.1,273.8,76.91,0,0,0,0,1,1,0,1
25.5,24.6,281.15,64.57,0,0,0,0,1,1,0,0
22.97,20.16,440.13,69.98,0,0,0,0,0,1,0,0
38.56,25.98,370.46,70.43,0,1,1,0,1,0,0,1
31.9,26.78,187.82,63.34,0,1,1,0,1,0,0,0
24.41,24.22,106.89,69.55,0,0,0,0,1,0,0,0
29.06,20.37,350.39,66.35,0,0,0,0,1,1,0,0
25.38,24.16,251.44,61.32,0,0,0,0,1,1,0,0
20.64,17.66,352.32,55.63,1,0,0,1,1,1,1,0
31.22,21.96,348.11,58.84,0,0,1,0,1,1,1,0
14.76,22.64,410.33,61.16,0,0,0,1,0,1,0,0
32.03,22.94,174.02,69.33,0,0,1,0,1,0,0,0
22.41,23.2,268.64,58.78,0,0,0,0,1,1,1,0
29.65,25.25,280.27,61.25,0,1,0,0,1,1,0,0
27.75,20.79,425.67,64.5,0,0,0,0,0,1,0,0
17.2,26.32,307.93,58.01,0,1,0,1,0,1,1,0
26.65,22.69,294.05,59.16,0,0,0,0,1,1,1,0
22.85,25.71,310.83,61.07,0,1,0,0,1,1,0,0
31.5,23.44,285.61,59.49,0,0,1,0,1,1,1,0
21.94,20.48,316.65,59.26,0,0,0,1,1,1,1,0
29.96,22.45,277.41,67.56,0,0,0,0,1,1,0,0
19.35,23.19,83.2,64.74,0,0,0,1,0,0,0,0
26.73,20.63,232.58,65.3,0,0,0,0,1,1,0,0
31.93,21.92,396.61,71.18,0,0,1,0,1,1,0,1
29.75,19.5,257.82,68.05,1,0,0,0,1,1,0,0
25.21,20.23,339.78,65.4,0,0,0,0,1,1,0,0
29.17,24.31,246.47,55.0,0,0,0,0,1,1,1,0
28.89,21.85,379.91,63.37,0,0,0,0,1,1,0,0
25.56,19.19,401.99,63.5,1,0,0,0,0,1,0,0
30.46,23.64,413.41,66.83,0,0,1,0,0,1,0,0
29.98,25.62,295.16,69.92,0,1,0,0,1,1,0,0
28.09,21.81,428.41,58.34,0,0,0,0,0,1,1,0
32.38,20.6,301.79,59.15,0,0,1,0,1,1,1,0
32.53,27.38,297.77,71.2,0,1,1,0,1,1,0,0
30.75,26.25,424.05,62.09,0,1,1,0,0,1,0,0
28.35,22.96,389.5,65.21,0,0,0,0,1,1,0,0
22.14,24.47,286.94,65.34,0,0,0,0,1,1,0,0
31.03,21.68,390.73,55.37,0,0,1,0,1,1,1,0
29.22,18.72,307.48,61.36,1,0,0,0,1,1,0,0
33.16,18.78,241.74,59.53,1,0,1,0,1,1,1,0
25.16,22.34,209.84,70.72,0,0,0,1,1,1,1,1
22.02,22.25,294.01,67.02,0,0,0,0,1,1,0,0
30.7,19.7,155.9,74.38,1,0,1,0,1,0,0,1
20.2,24.6,319.92,69.09,0,0,0,1,1,1,0,0
29.66,17.62,332.62,67.1,1,0,0,0,1,1,1,0
36.19,21.75,51.86,64.16,0,0,1,0,0,0,0,0
29.81,23.14,184.01,66.41,0,0,0,0,1,0,0,0
24.51,16.11,252.27,57.19,1,0,0,0,1,1,1,0
29.11,24.2,469.43,69.26,0,0,0,0,0,1,0,0
20.56,20.17,381.43,66.53,0,0,0,1,1,1,0,0
26.41,24.45,425.37,69.0,0,0,0,0,0,1,0,0
32.67,17.27,390.13,70.14,1,0,1,0,1,1,0,1
33.52,27.64,333.44,62.04,0,1,1,0,1,1,0,0
22.2,20.92,182.56,60.66,0,0,0,0,1,0,0,0
24.48,19.92,118.26,69.84,1,0,0,0,1,0,0,0
34.32,24.45,95.2,75.36,0,0,1,0,0,0,0,1
29.48,22.51,273.92,66.06,0,0,0,0,0,1,0,0
21.67,20.3,505.51,73.98,0,0,0,1,0,0,0,1
34.05,21.27,445.42,67.9,0,1,1,0,0,1,0,0
31.82,23.79,288.8,55.63,0,0,1,0,1,1,1,0
19.85,19.05,290.57,71.48,1,0,0,1,1,1,0,1
25.58,26.9,435.49,68.59,0,1,0,0,0,1,0,0
19.87,21.48,306.63,57.16,0,0,0,1,1,1,1,0
28.29,23.26,218.25,62.3,1,0,0,0,1,1,0,0
23.21,20.97,173.49,67.99,0,0,0,0,1,0,0,0
23.77,24.23,244.49,65.04,0,0,0,0,1,1,0,0
18.08,26.22,328.15,53.16,0,1,0,1,1,1,1,0
25.24,24.79,219.7,69.2,0,0,0,0,1,1,0,0
30.11,19.13,229.77,64.91,1,0,1,0,1,1,0,1
26.75,27.42,229.98,59.62,0,1,0,0,1,1,1,0
30.49,25.73,331.03,66.84,0,1,1,0,1,1,0,0
22.83,21.46,482.25,54.51,0,1,0,0,0,1,1,0
27.54,26.93,210.9,60.07,0,1,0,0,1,1,0,0
23.46,25.1,340.04,66.89,0,1,0,0,1,1,0,0
29.55,24.48,277.09,52.49,0,0,0,0,1,1,1,0
38.27,22.97,169.13,56.54,0,0,1,0,1,0,1,0
27.57,22.52,199.9,69.81,0,0,0,0,1,0,0,0
29.45,21.23,476.77,63.11,0,0,0,0,0,1,0,0
24.01,25.36,195.03,67.01,0,1,0,0,1,0,0,0
27.44,20.26,342.96,64.87,0,0,0,0,1,1,0,0
28.27,26.36,185.98,65.15,0,1,0,0,1,0,0,0
28.51,23.09,463.8,67.99,0,0,0,0,0,1,0,0
38.63,26.01,246.04,70.48,0,1,1,0,1,1,0,1
28.59,28.43,476.53,56.24,0,1,0,0,0,1,1,0
21.65,20.58,314.94,65.8,0,0,0,1,1,1,0,0
27.59,20.15,343.92,62.96,0,0,0,0,1,1,0,0
34.18,21.72,310.26,69.92,0,0,1,0,1,1,0,0
30.11,26.8,354.24,64.04,0,1,1,0,1,1,0,0
22.1,16.22,332.59,55.33,1,0,0,0,1,1,0,0
33.48,21.53,293.59,66.47,0,0,1,0,1,1,0,0
21.0,24.9,192.85,59.86,0,0,0,1,1,0,1,0
29.69,24.21,268.38,61.63,0,0,0,0,1,1,0,0
31.46,24.22,197.63,66.91,0,0,1,0,1,0,0,0
28.52,22.9,190.96,63.88,0,0,0,0,1,0,0,0
25.72,27.57,184.13,68.03,0,1,0,0,1,0,0,0
27.4,23.09,492.02,67.85,0,0,0,0,0,1,0,0
28.52,19.34,172.95,61.75,1,0,0,0,1,0,0,0
22.74,23.04,349.41,69.34,0,0,0,0,1,1,0,0
29.45,22.32,485.98,69.59,0,0,0,0,0,1,0,0
20.18,17.2,343.15,63.44,1,0,0,1,1,1,0,0
26.84,20.54,319.46,68.98,0,0,0,0,1,1,0,0
31.17,22.43,298.0,69.39,0,0,1,0,1,1,0,0
31.24,22.17,353.9,65.04,0,0,1,0,1,1,0,0
37.09,24.63,203.14,57.75,0,0,0,0,1,1,1,0
25.33,24.03,180.99,71.2,0,0,0,0,1,0,0,0
28.75,23.47,438.8,62.55,0,0,0,0,0,1,0,0
26.77,22.53,395.7,71.04,0,0,0,0,1,1,0,1
30.22,19.41,396.83,65.71,1,0,1,0,1,1,0,0
30.68,22.94,320.48,68.67,0,0,1,0,1,1,0,0
27.57,21.62,384.35,68.8,0,0,0,0,1,1,0,0
25.79,22.9,169.25,69.51,0,0,0,0,1,0,0,0
25.53,22.31,364.32,65.78,0,0,0,0,1,1,0,0
25.87,23.52,144.95,61.5,0,0,0,0,1,0,0,0
19.16,24.38,178.61,62.75,0,0,0,1,1,0,0,0
26.86,21.67,69.21,70.63,0,0,1,0,0,0,0,1
19.02,23.52,347.11,60.59,0,0,0,1,1,1,0,0
21.54,23.65,330.08,67.9,0,0,0,1,1,1,0,0
27.01,20.94,353.03,64.76,0,0,0,0,1,1,0,0
24.83,24.12,293.2,68.5,0,0,0,0,1,1,0,0
29.0,20.11,481.48,59.29,0,0,0,0,0,1,1,0
29.93,20.36,235.07,64.37,1,0,0,0,1,1,0,0
31.43,24.16,366.61,63.6,0,0,1,0,1,1,0,0
24.5,23.85,283.64,53.99,0,0,0,0,1,1,1,0
32.82,17.65,256.08,71.92,1,0,1,0,1,1,0,1
24.91,21.45,349.18,65.64,0,0,0,0,1,1,0,0
26.5,20.22,208.6,69.18,0,0,0,0,1,1,0,0
28.0,24.16,245.11,70.63,0,0,0,0,1,1,0,1
25.17,19.55,346.21,69.26,1,0,0,0,1,1,0,0
35.28,23.34,245.52,60.93,0,0,1,0,1,1,0,0
33.35,26.72,343.68,65.01,0,1,1,0,1,1,0,0
20.04,22.51,195.68,63.66,0,0,0,1,1,0,0,0
30.88,27.66,332.56,65.86,1,1,0,0,1,1,0,0
29.5,23.73,247.36,61.37,0,0,0,0,1,1,0,0
35.64,26.2,142.5,56.76,0,1,1,0,1,0,1,0
27.32,21.09,243.83,57.5,0,0,0,0,1,1,1,0
32.89,21.97,199.09,62.29,0,0,1,0,1,0,0,0
34.69,19.71,205.29,55.88,1,0,1,0,1,1,1,0
24.69,23.98,116.77,63.45,0,0,0,0,1,0,0,1
31.7,22.04,40.51,68.27,0,0,1,0,0,1,0,0
26.53,20.17,506.66,69.04,0,0,0,0,0,0,0,0
28.43,20.27,338.5,73.52,0,0,0,0,1,1,0,1
26.71,19.51,152.99,66.12,1,0,0,0,1,0,0,0
26.32,25.38,150.8,53.14,0,1,0,0,1,0,1,0
25.77,20.2,301.12,64.29,0,0,0,0,1,1,0,0
16.73,24.72,25.44,63.47,0,0,0,1,0,0,0,1
28.57,23.39,212.46,74.3,0,0,0,0,1,1,0,1
24.05,22.63,85.73,58.64,0,0,0,0,0,0,1,0
34.99,21.0,269.67,62.83,0,0,1,0,1,1,0,0
33.09,25.23,278.52,59.81,0,1,1,0,1,1,1,0
33.85,26.5,327.41,63.18,0,1,1,0,1,1,0,0
32.37,27.88,390.15,69.47,0,1,1,0,1,1,0,0
26.31,25.41,235.31,64.52,0,1,0,0,1,1,0,0
27.64,22.15,296.07,69.02,0,0,0,0,1,1,0,1
20.93,25.49,372.22,71.13,0,1,0,1,1,1,0,0
30.46,29.13,110.8,60.04,0,1,1,0,1,0,0,0
22.19,19.37,229.89,63.68,1,0,0,0,1,1,0,0
18.78,16.58,297.47,71.82,1,0,0,1,1,1,1,1
20.34,26.14,505.36,57.64,0,1,0,1,0,0,1,0
27.65,28.48,237.6,66.87,0,1,0,0,1,1,0,0
21.79,21.95,193.1,66.64,0,0,0,1,1,0,0,0
33.73,23.05,407.68,66.79,0,0,1,0,0,1,0,0
34.45,21.15,433.43,68.52,0,0,1,0,0,1,0,0
33.22,20.84,146.77,71.24,0,0,1,0,1,0,0,1
32.94,24.67,104.05,52.34,0,0,1,0,1,1,1,0
26.58,21.76,162.18,64.63,0,0,0,0,1,0,0,0
30.38,25.33,212.17,62.7,0,1,1,0,1,1,0,0
16.62,20.19,323.25,57.42,0,0,0,1,1,1,1,0
35.31,20.83,170.35,58.05,0,0,1,0,1,0,1,0
30.91,24.79,393.5,61.7,0,0,1,0,1,1,0,0
24.9,22.63,302.4,58.71,0,0,0,0,1,1,1,0
33.02,24.46,246.53,68.22,0,0,1,0,1,1,0,0
32.24,22.69,28.31,52.35,0,0,1,0,0,0,1,0
32.56,23.72,299.08,62.42,0,0,1,0,1,1,0,0
25.96,26.61,263.97,69.12,0,1,0,0,1,1,0,0
33.8,22.55,164.58,70.27,0,0,1,0,1,0,0,1
22.5,22.94,40.84,67.49,0,0,0,0,0,0,0,0
26.22,25.45,186.53,65.81,0,1,0,0,0,0,0,0
26.64,23.13,275.6,53.42,0,1,0,1,0,1,1,0
33.56,21.17,134.59,67.03,0,0,1,0,1,0,0,0
30.68,26.44,315.35,60.87,0,1,1,0,1,1,0,0
19.12,20.12,362.88,71.61,0,0,0,1,1,1,0,1
27.9,22.59,204.35,69.1,0,0,0,0,1,1,1,0
27.98,18.87,336.24,59.08,1,0,0,0,1,1,1,0
28.56,20.13,286.91,75.11,0,0,0,0,1,1,0,1
33.82,23.64,365.1,62.32,0,0,1,0,1,1,0,0
20.68,24.29,463.05,63.7,0,0,0,1,0,1,0,0
27.81,24.17,379.44,69.34,0,0,0,0,1,1,0,0
33.01,19.7,256.43,59.56,1,0,1,0,1,1,1,0
24.48,22.57,358.68,66.34,0,0,0,0,1,1,0,0
19.23,25.62,413.2,65.34,0,1,0,0,0,1,0,0
25.32,27.75,313.65,74.79,0,1,0,0,1,1,0,1
28.12,22.78,282.06,62.67,0,0,0,0,1,1,0,0
34.35,22.46,461.98,61.55,0,0,1,0,0,1,0,0
32.47,22.63,258.07,71.72,0,0,1,0,1,1,0,1
21.13,25.01,424.03,63.72,0,1,0,1,0,1,0,0
26.39,24.54,243.16,71.72,0,0,0,0,1,1,0,1
29.45,20.93,296.8,65.92,0,0,0,0,1,1,0,0
25.57,23.7,251.19,63.72,0,0,0,0,1,1,0,0
28.56,23.67,368.79,61.91,1,0,0,0,0,1,0,0
33.8,22.63,283.61,55.35,0,0,1,0,1,1,1,0
31.38,23.57,421.91,58.51,0,0,1,0,0,1,1,0
28.88,18.71,200.02,62.94,1,0,0,0,1,1,0,0
36.34,20.45,363.3,65.79,0,0,1,0,1,1,0,0
21.1,16.96,354.46,66.29,1,0,0,1,1,1,0,0
29.8,21.69,373.49,65.4,0,0,0,0,1,1,1,0
27.57,21.29,376.37,67.8,0,0,0,0,1,1,0,0
29.48,20.87,233.49,59.79,0,0,0,0,1,1,1,0
24.66,28.63,224.16,62.57,0,1,0,0,1,0,0,0
26.92,23.48,367.72,70.82,0,0,0,0,1,1,0,1
19.99,22.98,202.03,58.49,0,0,0,1,1,1,1,0
20.38,25.75,190.19,62.16,0,1,0,1,1,0,0,0
30.91,20.51,213.05,65.14,0,0,1,0,1,1,0,1
34.01,20.47,386.84,66.5,0,0,1,0,1,1,0,0
30.98,17.07,287.42,72.79,1,0,0,0,1,1,0,1
32.88,25.6,279.92,72.3,0,1,0,0,1,1,0,1
29.13,20.14,333.25,61.86,0,0,0,0,1,1,0,0
28.51,25.91,89.18,66.13,0,1,0,0,0,0,0,0
23.9,21.47,393.19,72.35,0,0,0,0,1,1,0,1
18.51,21.37,406.62,61.04,0,0,1,1,0,1,0,0
24.49,23.01,194.65,60.88,0,0,0,0,1,0,0,0
24.13,20.29,296.12,63.98,0,0,0,0,1,1,0,0
37.25,20.31,219.18,61.59,0,0,1,0,1,1,0,0
29.74,20.4,437.64,60.17,0,0,0,0,0,1,0,0
27.04,27.1,319.68,63.35,0,1,0,0,1,1,1,0
26.93,21.87,186.3,62.0,0,0,0,0,1,0,0,0
28.56,20.76,316.87,67.04,0,0,0,0,1,0,0,0
29.21,22.75,198.77,54.91,0,0,0,0,1,0,1,0
30.67,22.58,263.4,65.42,0,0,1,0,1,1,0,1
27.46,23.89,458.85,59.75,0,0,0,0,0,1,1,0
24.15,22.79,336.11,65.97,0,0,0,0,1,1,0,0
26.43,25.9,299.66,56.87,0,1,0,0,1,1,1,0
28.98,23.96,265.92,63.91,0,0,0,0,1,1,0,0
34.08,25.87,308.19,58.44,0,1,1,0,1,1,1,0
29.85,24.4,259.46,61.86,0,0,0,0,1,1,0,0
34.47,22.5,263.13,59.67,0,0,1,0,1,1,1,0
31.82,20.22,182.47,62.78,0,0,1,0,1,0,0,0
23.51,24.54,138.01,56.79,0,0,0,0,0,0,1,0
26.97,22.69,360.57,67.53,0,0,0,0,1,1,0,0
30.53,23.68,347.28,65.37,0,0,1,0,1,1,0,0
26.68,23.05,216.69,63.4,0,0,0,0,1,1,0,0
20.03,19.72,163.49,59.88,1,0,0,1,1,0,1,0
25.89,19.9,433.86,60.71,1,0,0,0,0,1,0,0
28.27,25.63,360.84,68.28,0,1,0,0,1,1,0,0
26.79,20.99,242.72,61.55,0,0,0,0,1,1,0,0
32.03,17.76,112.4,62.81,1,0,1,0,1,0,0,0
23.38,22.35,246.46,62.28,0,0,0,0,1,1,0,0
27.34,26.22,450.07,71.9,0,1,0,0,0,1,0,1
28.91,22.82,249.81,65.37,0,0,0,0,1,1,0,1
33.43,19.53,177.69,71.43,1,0,1,0,1,0,0,1
25.38,23.13,317.5,65.42,0,0,0,0,1,1,0,0
22.02,20.08,308.61,66.17,0,0,0,0,1,1,0,0
41.34,18.47,243.68,69.46,1,0,1,0,1,1,0,0
29.47,23.73,436.61,70.7,0,0,0,0,0,1,0,1
19.85,21.86,420.54,67.75,0,0,0,1,0,0,0,0
23.43,21.72,306.88,61.86,0,0,0,0,1,1,0,0
24.46,22.86,156.57,75.34,0,0,0,0,1,0,0,1
29.32,25.55,247.72,63.15,0,1,0,0,1,1,0,0
31.36,17.92,208.62,68.45,1,0,1,0,1,1,0,0
30.99,24.96,405.0,63.47,0,0,1,0,0,1,0,0
29.39,24.17,279.3,69.07,0,0,0,0,1,1,0,0
27.87,25.86,288.83,69.04,0,1,0,0,1,1,0,0
30.61,20.63,267.54,68.44,0,0,1,0,1,1,0,0
24.78,23.22,388.65,59.26,0,0,0,0,1,1,1,0
22.55,22.76,124.84,67.31,0,0,0,0,1,0,0,0
26.68,20.27,315.22,61.81,0,0,0,0,1,1,0,0
25.86,21.7,303.75,56.41,0,0,0,0,1,1,1,0
22.08,17.67,425.27,62.05,1,0,0,0,0,1,0,0
25.44,24.85,390.65,65.99,0,0,0,0,1,1,0,0
29.7,22.16,249.28,60.86,0,0,0,0,1,1,0,0
30.33,23.03,331.32,67.1,0,0,1,0,1,1,0,0
30.55,22.42,223.33,56.08,0,0,1,0,1,1,1,0
22.52,23.28,328.8,54.53,1,0,0,0,1,1,1,0
26.48,23.36,269.15,64.86,0,0,0,0,1,1,0,0
24.03,25.17,373.46,69.17,0,1,0,0,1,1,0,0
30.13,15.28,313.66,57.73,1,0,1,0,1,1,1,0
28.46,19.69,392.16,60.26,1,0,0,0,1,1,0,0
31.21,26.44,45.72,61.68,0,1,1,0,0,0,0,0
29.14,23.34,286.26,64.29,0,0,0,0,1,1,0,0
29.31,16.99,274.42,73.28,1,0,0,0,1,1,0,1
16.14,19.78,135.26,67.02,1,0,0,1,1,1,0,0
36.97,22.0,414.1,62.78,0,0,1,0,0,1,0,0
29.47,18.68,306.07,72.98,1,0,0,0,1,1,0,1
23.38,27.23,100.62,65.19,0,1,0,0,1,0,0,0
28.96,22.37,320.38,56.51,0,0,0,0,1,1,1,0
28.02,21.2,193.59,61.26,0,0,0,0,1,0,0,0
32.3,20.26,366.44,64.88,0,0,1,0,1,1,0,0
37.53,22.27,265.78,65.96,0,0,1,0,1,1,0,0
26.53,18.2,136.88,67.74,1,0,0,0,1,0,0,0
20.54,24.07,281.3,61.23,0,0,0,1,1,1,0,0
22.41,20.73,284.34,65.64,1,0,0,0,1,1,0,0
20.89,19.12,199.55,64.87,1,0,0,1,1,0,0,0
25.81,20.38,162.18,70.07,0,0,0,0,1,0,0,1
29.73,27.12,413.46,63.3,1,1,0,0,0,1,0,0
23.55,22.15,364.01,71.19,0,1,0,0,1,1,0,1
27.86,21.7,259.27,57.05,0,0,0,0,1,1,1,0
36.98,21.44,313.66,53.76,0,0,1,0,1,1,1,0
28.12,22.52,524.35,61.96,0,0,1,0,1,1,0,0
25.6,20.84,362.8,64.89,0,0,0,0,1,1,0,0
19.86,26.88,287.3,59.56,0,1,0,1,1,1,1,0
32.53,16.61,281.86,64.65,1,0,1,0,1,1,0,0
23.63,25.47,339.02,70.5,0,1,0,0,1,1,0,1
32.52,20.85,321.0,69.84,0,0,1,0,1,1,0,0
26.94,18.67,454.08,62.44,1,1,0,0,0,1,0,0
30.1,19.34,310.38,62.84,1,0,1,0,1,1,0,0
26.72,25.58,288.24,53.35,0,1,0,1,1,1,1,0
21.58,21.92,211.45,75.55,0,0,0,1,1,1,0,1
27.8,19.78,154.19,56.08,1,0,0,0,1,0,1,0
27.53,25.81,306.41,75.49,0,0,0,0,1,1,0,1
22.16,22.77,409.33,60.57,0,0,0,0,0,1,0,0
20.85,21.55,290.27,63.64,0,0,0,1,1,1,0,0
28.04,19.12,297.47,68.59,1,0,0,0,0,1,0,1
32.5,22.64,287.13,69.27,0,0,1,0,1,1,0,0
22.28,24.94,403.58,66.5,0,0,0,0,0,1,0,0
24.89,23.6,203.0,56.15,0,0,0,0,1,1,1,0
18.84,19.91,284.87,67.96,1,0,0,1,1,1,0,0
30.32,29.6,369.95,66.74,0,1,1,0,1,1,0,0
32.52,22.19,63.16,54.09,0,0,1,0,0,0,1,0
32.47,25.71,326.55,63.88,0,1,1,0,1,1,0,0
25.46,23.69,298.63,65.1,0,0,0,0,1,1,0,0
29.37,19.5,419.28,61.31,1,0,0,0,0,1,0,0
31.33,26.71,406.36,65.1,0,1,0,0,0,1,0,0
28.5,23.0,183.93,72.25,0,0,0,0,1,0,0,1
23.92,20.28,335.94,63.38,0,0,0,0,1,1,0,0
34.74,16.29,265.92,71.46,1,0,1,0,1,1,0,0
29.41,25.35,299.34,63.43,0,1,0,0,1,1,0,0
26.63,23.83,403.17,61.44,0,0,0,0,0,1,0,0
33.58,24.9,219.21,69.23,0,0,1,0,0,1,0,0
34.18,21.87,224.65,66.19,0,0,1,0,1,1,0,0
23.74,20.77,363.1,60.78,0,0,1,0,1,1,0,0
24.02,27.12,431.86,62.89,0,1,0,0,0,1,0,0
23.86,26.38,411.51,58.25,0,1,0,0,0,1,1,0
22.56,24.64,234.65,70.33,0,0,0,0,1,1,0,1
16.58,19.68,399.6,55.78,1,0,0,1,1,1,1,0
32.66,19.65,268.4,55.29,1,0,1,0,1,1,1,0
25.22,20.79,235.72,64.1,0,0,0,0,0,1,0,0
23.35,25.39,368.83,64.82,0,1,0,0,1,1,0,0
24.09,24.54,291.01,68.41,0,0,0,0,1,1,0,0
29.89,24.3,327.24,61.14,0,0,0,0,1,1,0,0
17.6,30.0,234.39,68.89,0,1,0,1,1,1,0,0
27.91,30.0,290.93,61.24,0,1,0,0,1,1,0,0
39.97,25.18,219.3,66.9,0,1,1,0,1,1,0,0
17.8,20.3,154.55,59.83,0,0,0,1,1,0,1,0
31.59,22.92,178.08,56.85,0,0,1,0,1,0,1,0
27.56,22.97,356.7,65.83,0,0,0,0,1,1,0,0
27.68,21.46,443.33,65.93,0,0,0,0,0,1,0,0
34.97,22.81,283.01,66.12,0,0,1,0,1,1,0,0
19.09,23.69,228.07,63.21,0,1,0,1,1,1,0,0
19.79,20.92,264.38,64.6,0,0,0,1,1,1,0,0
27.21,24.25,279.75,72.11,0,0,0,0,1,1,0,1
31.53,26.9,137.59,63.5,0,1,1,0,1,0,0,0
25.71,22.69,324.49,61.47,0,0,0,0,1,1,0,0
18.23,17.78,286.25,59.6,1,0,0,1,1,1,1,0
26.11,20.78,342.72,73.47,0,0,0,0,1,1,0,1
30.29,16.69,350.67,71.42,1,0,1,0,1,1,0,1
29.31,23.83,326.04,61.77,0,0,0,0,1,1,0,0
32.75,21.24,365.42,69.43,0,0,1,0,1,1,0,0
29.18,23.11,231.94,54.33,0,0,0,0,1,1,0,0
16.52,21.66,295.17,59.87,0,0,0,1,1,1,1,0
32.06,19.88,373.15,72.99,1,0,1,0,1,1,0,1
20.98,26.03,161.44,57.39,1,1,0,1,1,0,1,0
25.52,22.08,442.68,67.39,0,0,0,0,0,1,0,0
32.56,21.53,121.63,69.66,0,0,1,0,1,0,0,0
26.32,27.41,358.56,74.15,0,1,0,0,1,1,1,1
22.17,23.62,377.23,69.73,0,0,0,0,1,1,0,0
29.97,24.83,464.77,67.28,0,0,0,0,0,1,0,0
23.19,24.1,325.93,68.6,0,0,0,0,1,1,0,0
37.94,22.37,355.3,65.82,0,0,1,0,1,1,0,0
28.8,24.14,167.3,57.77,0,0,0,0,1,0,1,0
31.52,23.71,371.18,59.66,0,0,1,0,1,1,1,0
29.85,23.68,392.77,66.16,0,0,0,0,1,1,0,0
30.51,22.17,276.76,68.67,0,0,1,0,1,1,0,0
26.32,19.53,290.92,59.68,1,0,0,0,1,1,1,0
20.68,24.96,268.97,59.84,0,0,0,1,1,1,1,0
27.05,24.67,315.37,65.17,0,0,0,0,1,1,0,0
37.53,23.88,420.06,69.51,0,0,1,0,0,1,0,0
31.94,25.04,425.58,62.87,0,1,1,0,0,0,0,0
20.82,20.6,200.14,63.58,0,0,0,0,1,1,0,0
20.53,20.96,267.69,63.21,0,0,0,1,1,1,0,0
26.54,20.48,309.68,64.9,0,0,0,0,1,1,0,0
25.19,22.42,241.81,70.78,0,0,0,0,1,1,0,1
23.44,25.76,529.58,61.47,0,1,0,0,0,0,0,1
30.11,19.6,345.59,56.01,1,0,1,0,1,1,1,0
29.9,19.61,280.59,72.71,1,0,0,0,0,1,0,1
23.01,20.88,202.81,66.0,1,0,0,0,1,1,0,0
20.62,19.91,294.98,62.5,1,0,0,1,1,1,0,0
27.83,25.35,262.37,60.84,0,1,0,0,1,1,0,0
33.31,17.07,268.88,61.11,1,0,1,0,1,0,0,0
26.15,21.49,247.44,68.55,0,0,0,0,1,1,0,0
23.41,20.55,443.95,65.51,0,0,0,0,0,1,0,0
26.75,17.74,372.13,69.07,1,1,0,0,1,1,0,0
27.49,22.96,408.59,68.15,0,0,0,0,0,1,0,0
30.33,22.15,352.31,68.62,0,0,1,0,1,1,0,0
31.48,24.5,272.19,70.9,0,0,1,0,1,1,0,1
20.42,20.83,306.13,68.88,0,0,0,1,1,1,0,0
23.74,23.66,222.72,65.09,0,0,0,0,1,1,0,0
30.32,20.62,223.13,70.37,0,0,1,0,0,1,0,1
30.73,24.67,147.32,58.11,0,0,1,0,1,0,1,0
27.82,20.84,468.36,76.14,0,0,0,0,0,1,0,1
24.21,17.55,361.03,67.59,1,0,0,0,1,1,0,0
31.45,23.31,199.36,68.75,0,0,1,0,1,0,0,0
25.64,23.58,11.24,64.05,0,0,0,0,0,0,0,0
24.79,29.14,442.06,62.2,0,1,0,0,1,1,0,0
27.02,22.62,395.21,63.64,0,0,0,0,1,1,0,0
22.65,24.73,539.29,73.82,0,0,0,0,0,0,0,1
30.07,21.92,259.87,60.82,0,0,1,0,1,0,1,0
26.82,22.59,313.46,67.07,0,0,0,0,1,1,0,0
25.76,23.5,398.0,58.66,0,0,0,0,1,1,1,0
26.39,18.54,318.73,61.85,1,0,0,0,1,1,0,1
27.7,24.91,166.97,59.11,0,0,0,0,1,0,1,0
25.83,24.32,117.8,60.04,0,0,0,0,1,0,0,0
36.0,21.44,438.47,72.07,0,0,1,0,0,1,0,1
23.18,20.49,294.1,58.82,0,0,0,0,1,1,1,0
22.23,23.1,414.0,61.08,0,0,0,0,0,1,0,0
28.47,19.32,220.42,62.28,1,0,0,0,1,1,0,0
27.79,23.35,220.45,64.84,0,0,0,0,1,1,0,0
31.11,21.41,423.51,70.28,0,0,1,0,0,1,0,1
33.37,23.2,387.03,70.25,0,0,1,0,1,1,0,1
24.01,21.78,148.93,66.25,0,0,0,0,1,0,1,0
19.96,16.92,281.1,53.29,1,0,0,1,1,1,1,0
24.81,19.96,315.82,62.93,1,0,0,0,1,1,0,0
22.85,21.54,346.36,74.18,0,0,0,0,1,1,0,1
27.86,21.31,415.92,64.56,0,0,0,0,0,1,0,0
23.41,25.11,342.32,61.44,0,1,0,0,1,1,0,0
29.55,25.99,397.31,67.35,0,0,0,0,1,1,0,0
24.76,19.9,286.55,63.69,1,0,0,0,1,1,0,0
43.78,22.29,238.98,70.73,0,0,1,0,1,0,0,1
15.45,21.67,338.55,67.45,0,1,0,1,1,1,0,1
34.98,21.5,505.4,60.14,0,0,1,0,0,0,0,0
21.55,23.63,161.38,71.05,0,0,0,1,1,0,0,1
37.55,20.48,96.08,66.13,1,0,1,0,0,0,0,0
29.35,20.5,179.77,71.89,0,0,0,0,1,0,0,1
35.19,26.09,398.18,57.77,0,1,1,0,1,1,1,0
23.02,19.55,434.25,60.92,1,0,0,0,0,1,0,0
32.95,19.02,168.17,62.55,1,0,1,0,1,0,0,0
39.57,24.53,445.95,66.53,0,0,1,0,0,1,0,0
29.42,23.28,324.65,70.11,0,0,0,0,1,0,0,1
23.98,20.58,218.37,58.07,0,0,0,0,1,1,1,0
26.71,21.76,363.27,64.67,0,1,0,0,1,1,0,0
24.48,21.53,121.81,64.92,0,0,0,0,1,0,0,0
27.16,24.96,267.12,73.42,0,0,0,0,1,1,0,1
29.76,23.79,332.65,70.26,0,0,0,0,1,1,0,1
31.2,21.19,150.16,62.96,0,0,1,0,1,0,0,0
23.2,17.21,290.09,69.6,1,0,0,0,1,1,0,0
25.09,25.47,101.63,65.86,0,1,0,0,1,0,0,0
19.63,24.92,273.99,66.29,0,0,0,1,1,1,0,0
25.77,25.64,380.17,71.76,0,1,0,0,1,1,0,1
26.53,21.74,353.24,60.72,0,0,0,0,1,1,0,0
23.92,23.96,170.29,59.23,0,0,0,0,1,0,1,0
34.25,22.4,238.52,72.99,0,0,1,0,1,1,0,1
25.09,18.94,440.09,68.47,1,0,0,0,0,1,0,0
35.22,19.82,122.3,67.38,1,0,1,0,1,0,0,0
21.91,27.04,196.02,68.5,0,1,0,1,1,0,0,0
23.2,20.19,413.76,60.29,0,0,0,0,0,1,0,1
28.19,23.3,0.0,66.83,0,0,0,0,0,0,0,0
27.77,21.06,279.42,75.11,0,0,0,0,1,1,0,1
36.11,23.07,198.55,64.5,0,0,1,0,1,0,0,0
33.81,26.9,290.42,55.71,0,1,1,0,1,1,1,0
32.75,25.78,227.89,61.13,0,1,1,1,1,1,0,0
29.57,24.79,277.92,59.17,0,0,0,0,1,1,1,1
16.02,21.71,247.18,66.43,0,0,0,1,1,1,0,0
32.1,27.15,462.66,62.9,0,1,1,0,0,1,0,0
31.82,23.19,333.36,62.41,0,0,1,0,1,1,0,0
24.52,22.61,238.98,70.23,0,0,0,0,1,1,0,1
34.2,23.17,303.48,66.16,0,0,1,0,1,1,0,0
18.97,25.24,254.24,57.15,0,1,0,1,1,1,1,0
37.06,22.99,341.52,58.04,0,0,1,0,1,1,1,0
31.8,22.14,326.5,70.17,0,0,1,0,1,1,0,1
17.62,21.79,297.23,68.89,0,0,0,1,1,1,0,0
34.9,21.34,371.54,75.04,0,0,1,0,1,1,0,1
25.52,20.18,181.66,63.09,0,0,0,0,1,0,0,0
29.15,25.43,183.35,65.2,0,1,0,0,1,0,0,0
22.33,18.57,405.22,76.29,1,0,0,0,0,1,0,1
27.78,22.31,389.81,64.12,0,0,0,0,1,1,0,0
30.96,19.7,214.42,70.94,1,0,1,0,1,1,0,1
31.9,21.23,519.12,71.72,0,0,1,0,0,0,0,1
29.98,20.16,219.15,56.79,0,0,0,0,1,1,1,0
36.11,22.61,297.9,62.67,0,0,1,0,1,1,0,0
27.82,20.34,370.24,72.47,0,0,0,0,1,1,0,1
19.82,17.14,226.39,63.88,1,0,0,1,1,1,0,0
24.5,22.61,97.08,65.73,1,0,0,0,0,0,0,0
31.83,21.59,394.25,67.13,0,0,1,0,1,1,0,0
33.12,19.45,202.0,54.91,1,0,1,0,1,1,1,0
32.65,24.81,397.9,72.5,0,0,1,0,1,1,0,1
24.08,27.03,257.02,62.63,0,1,0,0,1,1,0,0
28.66,22.72,562.59,56.14,0,0,0,0,0,0,1,0
39.04,21.39,280.65,69.47,0,0,1,0,1,1,0,0
25.71,20.85,298.75,70.97,0,0,0,0,1,0,0,1
28.15,21.86,200.13,61.89,0,0,0,1,1,1,0,0
25.24,23.67,133.96,66.03,0,0,0,0,1,0,0,0
27.9,19.99,310.94,63.37,1,0,0,0,1,1,0,0
30.67,21.04,173.69,66.01,0,0,1,0,1,0,0,0
27.88,26.08,379.74,60.64,0,1,0,0,1,1,0,0
27.04,23.46,297.23,67.0,0,0,0,0,1,1,0,0
27.94,20.83,367.68,69.43,0,0,0,0,1,1,0,0
26.68,21.65,220.43,64.18,1,0,0,0,1,1,0,0
22.96,18.51,212.93,74.4,1,0,0,0,1,1,0,1
26.68,25.04,380.51,57.98,0,1,0,0,1,1,1,0
26.86,20.76,357.21,64.49,0,0,0,0,1,1,0,0
30.28,20.06,361.41,70.24,1,0,1,0,1,1,0,1
23.14,25.09,397.01,68.36,0,1,0,0,1,1,0,0
21.01,21.22,118.8,55.9,0,0,0,1,1,0,1,0
24.1,20.07,127.25,66.81,0,0,0,0,1,0,0,0
25.57,23.33,410.37,69.06,0,0,0,0,0,1,0,0
31.33,20.63,252.65,71.64,0,1,1,0,1,1,0,1
28.16,21.74,467.49,63.77,0,0,0,1,0,1,0,0
26.93,19.45,384.83,63.42,1,0,0,0,1,1,0,0
24.67,23.65,117.11,65.49,0,0,0,0,1,0,0,0
33.36,25.76,405.84,53.86,0,1,1,0,0,1,1,0
32.76,23.3,243.9,66.38,0,0,1,0,1,0,0,0
22.35,20.71,338.68,63.12,0,0,0,0,1,0,0,0
24.18,22.54,341.63,53.41,0,0,0,0,1,1,1,0
31.0,22.39,157.01,67.51,0,0,1,0,1,0,0,0
36.81,18.32,313.16,60.98,1,0,1,0,1,1,0,0
25.16,20.52,347.32,70.75,0,0,0,0,1,1,0,1
34.31,23.41,422.5,67.83,0,0,1,0,0,1,0,0
25.68,23.2,257.3,71.41,0,0,0,0,1,1,0,1
19.96,22.7,324.13,63.92,0,0,0,1,1,0,0,0
17.56,19.53,350.24,68.05,1,0,0,1,1,1,0,0
40.3,19.72,265.34,65.45,1,0,1,0,1,1,0,0
25.98,26.89,172.52,64.57,0,1,0,0,1,0,0,0
27.73,22.97,248.39,64.29,0,0,0,0,1,1,0,0
20.41,21.65,122.37,61.78,0,0,0,1,1,0,0,0
29.47,26.5,278.25,67.08,0,1,0,0,1,1,1,0
28.66,24.76,327.78,73.95,0,0,0,0,1,1,0,1
26.05,24.91,272.69,60.35,0,0,0,0,1,1,0,0
30.72,18.22,429.98,59.58,1,0,1,0,0,1,1,0
28.17,27.58,175.92,78.16,0,1,0,0,1,0,0,1
28.41,21.37,113.2,59.61,0,0,0,0,1,0,1,0
26.16,19.37,420.76,74.68,1,0,0,0,0,1,0,1
30.69,23.09,77.36,72.17,0,0,1,0,0,0,0,1
23.85,21.66,239.81,54.21,0,0,0,0,1,1,1,0
24.49,24.59,190.18,58.85,0,0,0,0,1,0,1,0
27.42,27.62,322.92,56.06,0,1,0,0,1,1,1,0
37.01,21.07,317.97,63.25,0,0,1,0,1,1,0,0
34.06,21.82,478.58,72.77,0,1,1,0,0,1,0,1
36.16,20.24,213.84,53.5,0,0,1,0,1,1,1,0
26.64,22.67,359.74,69.86,0,0,0,0,1,1,0,0
30.36,22.52,234.09,69.39,0,0,1,0,1,1,0,0
18.39,23.74,10.33,61.85,0,0,0,1,0,0,0,0
32.57,22.77,401.83,57.12,0,0,1,0,0,1,1,0
25.4,21.56,217.92,71.7,0,0,0,0,1,1,0,1
28.68,21.26,366.7,72.51,0,0,0,0,1,1,0,1
32.75,23.76,365.67,57.26,0,0,1,0,0,1,1,0
30.37,21.32,271.3,75.76,0,0,1,0,1,1,0,1
25.14,18.1,280.84,67.35,1,0,0,0,1,1,0,0
21.28,22.61,224.55,54.68,0,0,0,1,1,1,1,0
23.5,24.14,456.62,69.47,0,0,0,0,0,1,0,0
19.56,22.68,472.03,65.54,1,0,0,1,0,1,0,0
29.94,25.03,320.67,61.19,0,1,0,0,1,1,0,0
29.0,21.54,523.97,65.74,0,0,0,0,0,0,0,0
31.26,21.9,397.19,66.2,0,0,1,0,1,1,0,0
27.04,23.13,368.85,52.98,0,0,0,0,1,1,1,0
26.96,20.76,307.63,65.17,0,0,0,0,1,1,0,0
23.47,22.28,260.85,60.27,0,0,0,0,1,1,0,0
29.15,27.26,358.23,69.65,0,1,0,0,1,1,0,0
40.44,21.01,177.99,64.47,0,0,1,0,1,0,0,0
35.49,22.76,342.81,60.93,0,0,1,0,1,1,0,0
28.82,22.41,467.18,64.54,0,1,0,0,0,1,0,0
27.07,25.61,433.47,70.45,0,1,0,0,0,1,0,1
23.65,21.87,398.41,65.54,0,0,0,0,1,1,0,0
24.78,22.46,244.55,68.52,0,0,0,0,1,1,0,0
28.38,22.79,369.46,59.71,0,0,0,0,1,1,1,0
31.91,19.2,259.2,60.28,1,0,1,0,1,1,1,0
23.19,19.31,343.86,62.31,1,0,0,0,1,1,0,0
24.28,21.28,181.49,56.67,0,0,0,0,1,0,1,0
31.67,22.14,221.83,55.53,0,0,1,0,1,1,1,0
20.8,22.39,284.37,69.36,0,0,0,1,1,1,0,0
30.1,20.48,272.97,59.56,0,0,1,0,1,1,1,0
26.87,19.85,310.95,58.44,1,0,1,0,1,1,1,0
29.0,23.64,462.11,59.3,0,0,1,0,0,1,1,0
28.02,21.0,210.73,68.83,0,0,0,0,1,1,0,0
22.45,18.32,353.32,68.89,1,0,0,0,0,1,0,0
30.35,24.47,169.84,62.63,0,0,1,0,1,1,0,0
19.67,22.89,405.24,76.63,0,0,0,0,0,1,0,1
23.49,21.58,426.33,61.14,0,0,0,0,0,1,0,0
16.41,19.69,132.29,72.37,1,0,0,1,1,0,0,1
24.78,23.1,163.45,72.6,0,0,0,0,1,0,0,1
26.23,23.53,143.07,69.45,0,0,0,0,1,0,0,0
26.12,22.43,86.71,61.77,0,0,0,0,0,0,0,0
39.01,22.87,81.78,55.08,0,0,1,0,0,0,1,0
30.39,22.74,235.69,62.99,0,0,1,0,1,1,0,0
26.06,22.27,219.0,63.05,0,0,0,0,1,1,0,0
24.7,23.48,145.46,65.93,0,0,0,0,0,0,0,0
32.82,22.06,123.42,68.9,0,0,1,0,1,0,0,0
29.35,24.99,0.0,67.47,0,0,0,0,0,0,0,0
25.39,22.98,380.55,66.07,0,0,0,0,1,1,0,0
38.78,19.99,444.85,66.7,1,0,1,0,0,1,0,0
26.32,22.46,298.39,62.58,0,0,0,0,1,1,0,0
34.38,23.98,359.22,57.31,0,0,1,0,1,1,1,0
35.27,23.03,355.32,62.49,0,0,1,0,1,1,0,0
19.59,19.49,337.03,59.6,1,0,0,1,1,1,1,0
33.74,20.89,83.26,61.08,0,0,1,0,0,0,0,0
24.57,19.81,248.46,62.3,1,1,0,0,1,1,0,0
25.02,26.14,371.48,61.27,0,1,0,0,1,1,0,1
31.77,19.67,245.55,67.95,1,0,1,0,1,1,0,0
31.5,20.15,402.81,71.96,0,0,1,0,0,1,0,0
36.0,25.81,324.21,67.65,0,1,1,0,1,1,0,0
34.69,20.85,183.35,64.24,0,0,1,0,1,0,0,0
24.8,23.9,271.55,69.27,0,0,0,0,1,1,0,1
23.98,20.08,388.13,69.87,0,0,0,0,1,1,0,0
27.52,24.34,166.06,63.8,0,0,0,0,1,0,0,0
15.8,23.43,88.94,62.06,0,0,0,1,1,0,0,0
33.0,23.22,280.8,58.88,0,0,1,0,1,1,1,0
34.73,25.5,235.94,54.12,0,1,1,0,1,1,1,0
31.09,25.66,221.15,66.39,0,1,1,0,1,1,0,0
25.55,23.1,221.77,60.15,0,0,0,0,1,1,0,0
27.91,20.81,284.07,65.18,0,0,0,1,1,1,0,0
30.59,20.15,284.23,61.62,0,0,1,0,1,1,0,0
33.94,27.1,328.92,56.79,0,1,1,0,1,1,1,0
21.1,26.57,124.64,60.59,0,1,0,1,1,0,0,0
37.33,21.68,423.43,57.59,0,0,1,0,0,1,1,0
26.82,22.7,345.84,55.33,0,0,0,0,1,1,1,0
20.93,20.33,246.61,62.87,0,0,0,1,1,1,0,0
19.93,19.79,279.15,62.79,0,0,0,1,1,1,0,0
26.02,24.47,236.38,62.99,0,0,0,0,1,1,0,0
23.46,25.83,437.01,60.19,0,1,0,0,0,1,0,0
32.44,21.37,408.61,63.86,0,0,1,0,0,1,0,0
20.75,22.45,155.31,63.17,0,0,0,1,1,0,0,0
23.12,20.56,293.05,68.77,1,0,0,0,1,1,0,0
21.95,20.15,339.83,60.96,0,0,0,1,1,1,0,0
27.55,19.07,274.03,62.72,1,0,0,0,1,1,0,0
30.0,15.0,307.48,62.03,1,0,0,0,1,1,0,0
31.0,19.44,221.86,70.44,1,0,1,0,1,1,0,1
29.06,24.64,196.52,65.13,0,0,0,0,1,0,0,0
36.33,26.9,341.09,68.14,0,1,1,0,1,1,0,0
32.05,24.5,427.7,55.34,0,0,1,0,0,1,1,0
32.31,25.15,322.64,65.67,0,1,1,0,1,1,0,0
31.92,23.05,377.79,55.15,0,0,1,0,1,1,1,0
19.87,24.19,278.46,67.3,0,0,0,1,1,1,0,0
31.22,22.2,207.35,57.57,0,0,1,0,1,1,1,0
26.08,20.39,0.44,60.44,0,0,0,0,0,0,0,0
30.18,23.11,443.43,73.52,0,0,1,0,0,1,0,1
26.5,26.7,249.1,66.29,0,1,0,0,1,1,0,0
34.11,23.61,174.09,62.06,0,0,1,0,1,0,0,0
28.66,23.46,246.5,66.73,0,0,0,0,1,1,0,0
24.17,21.33,268.83,70.19,0,0,0,0,1,1,0,1
32.58,25.85,437.15,61.79,0,1,1,0,0,1,0,0
29.47,19.93,284.42,57.01,1,0,0,0,1,1,1,0
38.59,24.14,191.18,72.17,0,0,1,0,1,0,0,1
30.4,26.5,233.17,65.34,0,1,1,0,1,1,0,0
27.08,20.95,249.13,74.31,0,0,0,0,1,1,0,1
27.02,22.75,265.12,68.74,0,0,0,0,1,1,0,0
34.85,21.52,471.63,63.63,1,0,1,0,0,1,0,0
30.31,23.78,434.05,64.14,0,0,1,0,0,1,0,0
21.79,20.74,251.79,63.24,0,0,0,1,1,1,0,0
29.28,20.14,204.95,67.57,0,0,0,0,0,1,0,0
29.69,19.76,316.57,69.25,1,0,0,0,1,1,0,0
19.96,20.73,204.09,57.26,0,0,0,1,1,1,1,0
35.59,23.6,303.03,63.77,0,0,1,0,1,1,0,0
30.12,21.49,379.08,72.94,0,0,1,0,1,1,0,1
29.68,23.47,310.54,69.32,0,0,0,0,1,1,0,0
30.44,18.66,212.71,54.64,1,0,1,0,1,1,1,0
28.72,21.77,416.63,70.88,0,0,0,0,0,1,0,1
30.0,23.64,254.73,66.28,0,0,1,0,1,1,0,1
27.32,25.97,300.51,62.92,0,1,0,0,1,1,0,0
23.75,18.34,177.2,65.26,0,0,0,0,1,0,0,0
29.68,25.23,279.64,64.89,0,1,0,0,1,1,0,0
27.11,19.73,141.05,68.85,1,0,0,0,1,0,0,0
33.75,19.88,349.12,67.03,1,0,1,0,1,1,0,0
26.12,18.02,195.53,62.97,1,0,0,0,1,0,0,0
22.68,19.99,261.17,70.57,1,0,0,0,1,1,0,1
21.06,25.56,237.4,61.73,0,1,0,1,1,1,0,1
30.47,19.09,342.8,59.62,1,0,1,0,1,1,1,0
25.56,21.17,347.62,64.39,0,0,0,0,1,1,0,0
34.39,25.65,323.06,68.66,0,1,1,1,1,1,0,0
16.61,23.58,451.52,61.99,0,0,1,1,0,1,0,0
27.25,21.96,406.23,61.5,0,0,0,0,0,1,0,0
28.19,19.12,258.94,66.53,1,0,0,0,1,1,0,0
20.7,24.21,448.27,53.75,0,0,0,0,0,1,1,0
29.16,18.99,265.66,62.35,1,0,0,0,1,1,0,0
30.48,20.17,194.34,67.32,0,0,1,0,1,0,0,0
26.86,22.66,358.48,57.72,0,0,0,0,1,1,1,0
16.23,21.11,471.02,61.8,0,0,0,1,0,1,0,0
23.68,20.86,300.63,68.66,0,0,0,0,1,1,0,0
17.85,24.78,303.4,64.27,0,0,0,1,1,1,0,0
33.37,27.06,282.14,77.65,0,1,1,0,1,1,0,1
31.15,24.44,223.96,62.52,0,0,1,0,1,1,0,0
27.45,24.4,356.73,58.29,0,0,0,0,1,1,1,0
37.72,22.3,252.31,66.42,0,0,1,0,1,1,0,0
23.92,20.37,194.34,69.49,0,0,0,0,1,0,0,0
26.13,22.32,205.66,66.52,0,0,0,0,1,1,0,0
29.93,20.95,375.63,59.62,0,0,0,0,1,1,1,0
30.52,20.91,218.54,64.56,0,0,1,0,1,1,0,0
30.43,19.76,181.2,69.69,1,0,1,0,1,0,0,0
26.74,22.6,81.75,69.1,0,0,0,0,0,0,0,0
27.99,22.99,195.54,67.61,0,0,1,0,1,0,0,0
27.47,27.92,199.53,71.6,0,1,0,0,1,0,0,1
21.11,21.16,359.06,61.76,0,0,0,1,1,1,0,1
34.56,23.64,399.66,57.06,0,0,1,0,1,1,1,0
26.41,21.14,184.13,64.21,0,0,0,0,1,0,1,0
33.37,20.13,393.93,67.1,1,0,1,0,1,1,0,0
36.82,24.57,284.96,65.98,0,0,1,0,1,1,0,0
24.88,22.82,211.05,70.75,0,0,0,0,1,1,0,1
25.26,24.17,110.77,63.01,0,0,0,0,1,0,0,0
26.78,23.3,513.46,65.69,0,0,0,0,0,0,0,0
22.94,18.58,515.09,66.67,1,0,0,0,0,0,0,0
19.46,18.83,258.57,63.15,1,0,0,1,1,1,0,0
25.0,24.58,424.96,65.78,0,0,0,0,0,1,0,0
23.43,19.87,285.76,58.72,1,0,0,0,1,1,1,0
23.58,23.16,288.28,65.28,0,0,0,0,1,1,0,0
24.85,22.88,342.0,62.04,0,0,0,0,1,1,0,0
23.92,22.02,462.78,60.45,0,0,0,0,0,1,0,0
29.09,23.79,442.55,71.59,0,0,0,0,0,1,0,1
34.91,20.65,256.4,65.97,0,0,1,0,1,0,0,0
29.24,24.41,327.26,66.26,0,0,0,0,1,1,0,0
32.44,24.02,433.42,64.04,0,0,1,0,0,1,0,0
31.65,20.4,409.41,65.68,0,0,1,0,0,1,0,0
25.34,24.63,308.49,78.07,0,0,0,0,1,1,0,1
29.58,23.96,276.75,67.58,0,0,0,0,1,1,0,0
26.64,25.25,398.32,63.54,0,1,0,0,1,1,0,0
19.3,25.8,349.68,68.08,0,1,0,1,1,1,0,0
31.23,23.23,466.66,67.2,0,0,1,0,0,1,0,0
28.51,23.1,180.17,71.17,0,0,0,0,1,0,0,1
34.93,23.32,62.71,65.46,0,0,1,0,0,0,0,0
22.18,22.85,383.02,66.92,1,0,0,0,1,1,0,0
32.36,24.73,210.24,60.46,0,0,1,0,1,1,0,0
34.66,25.58,246.25,55.95,0,1,1,0,1,1,1,0
34.09,22.33,406.7,63.99,0,0,1,0,0,1,0,0
22.66,24.7,450.83,59.1,0,0,0,0,0,1,1,0
22.19,20.47,367.46,68.15,0,0,0,0,1,1,0,0
33.03,19.84,269.04,62.03,0,0,1,0,1,1,0,0
28.06,21.48,193.48,60.35,0,0,0,0,1,0,0,0
26.45,24.3,384.3,69.38,0,0,0,0,1,1,1,0
16.88,25.92,360.73,70.2,0,1,0,1,1,1,0,1
28.39,21.1,312.59,68.18,0,0,0,0,1,1,0,0
30.41,23.05,394.06,67.54,0,0,1,1,0,1,0,0
24.08,19.88,176.64,67.17,1,0,0,0,1,0,0,0
29.32,23.85,249.1,59.84,0,0,0,0,1,1,1,0
36.55,24.39,461.45,65.8,0,0,1,0,0,1,0,0
23.26,18.0,322.86,67.67,1,0,0,0,1,1,0,0
26.06,23.95,287.3,68.92,0,0,0,0,1,1,0,0
25.0,17.55,161.78,62.01,1,0,0,0,1,0,0,0
28.3,21.75,100.47,70.35,0,0,0,0,1,0,0,1
31.39,22.14,194.86,62.07,0,0,1,0,1,0,0,1
23.08,24.54,360.98,67.36,0,0,0,0,1,1,0,0
19.37,21.12,325.7,62.74,0,0,0,1,1,1,0,0
29.05,20.3,209.83,59.69,0,0,0,0,1,1,1,0
39.38,25.25,232.68,63.37,0,1,1,0,1,1,0,0
28.56,23.25,165.37,61.33,0,0,0,0,1,0,0,0
21.41,21.68,313.63,58.04,0,0,0,1,1,1,1,0
22.96,21.62,271.96,63.03,0,0,0,0,1,1,0,0
25.87,21.31,282.68,64.08,1,0,0,0,1,1,0,0
35.04,27.14,152.64,71.03,0,1,1,0,1,0,0,1
30.05,22.06,200.33,61.93,0,0,1,0,1,1,0,0
37.12,19.36,315.83,74.43,1,0,1,0,1,1,0,1
22.84,27.28,372.34,62.32,0,1,0,0,1,1,0,0
35.71,23.55,190.52,62.63,1,0,1,0,1,0,0,0
35.44,18.06,274.46,62.11,1,0,1,0,1,1,0,0
33.4,21.23,167.26,76.0,0,0,1,0,1,0,0,1
24.03,19.35,208.34,57.43,1,0,0,0,0,0,1,0
29.51,20.96,490.79,65.11,0,0,0,0,0,1,0,0
30.23,26.91,234.75,63.21,0,1,1,0,0,1,0,0
27.85,23.97,326.97,63.54,0,0,0,0,1,1,0,0
23.53,24.64,313.77,65.43,0,0,0,0,1,1,0,0
37.56,24.45,452.95,68.6,0,0,1,0,0,1,0,0
26.59,25.0,358.73,65.66,0,1,0,0,1,1,0,0
29.51,22.65,235.67,71.06,0,0,0,0,1,1,0,1
29.41,18.29,244.46,67.18,1,0,0,0,1,1,0,1
25.3,22.19,274.42,70.32,0,0,0,0,1,0,0,1
29.87,24.75,352.87,68.87,0,0,0,0,1,1,0,0
25.03,18.53,151.04,70.52,1,0,0,0,1,0,0,1
23.63,27.41,222.23,60.31,0,1,0,0,1,0,0,0
29.9,22.86,314.09,64.73,0,1,0,0,1,1,0,1
39.38,23.37,322.22,62.88,0,0,1,0,1,0,0,0
22.62,22.31,423.36,70.2,0,0,0,0,0,1,0,1
26.44,23.18,337.05,64.71,0,0,0,0,1,1,0,0
26.7,21.91,177.16,61.46,0,0,0,0,1,0,0,0
25.34,21.35,268.21,74.9,0,0,0,0,1,1,1,1
24.93,25.36,438.94,60.95,0,1,0,0,0,1,0,0
20.54,27.6,381.95,61.02,0,1,0,1,1,1,0,0
27.96,24.16,179.07,67.92,0,0,0,0,1,0,0,0
23.51,23.11,197.26,65.06,1,0,0,0,1,0,0,0
30.85,22.39,112.11,69.84,0,0,1,0,1,0,0,0
20.92,22.51,359.22,60.04,0,0,0,1,1,1,0,0
31.72,21.66,218.19,64.69,0,0,1,0,1,1,0,0
24.78,23.99,400.89,63.4,0,0,0,0,0,1,0,0
20.31,24.78,175.7,64.74,0,0,0,0,1,0,0,0
27.91,22.5,332.96,61.29,0,0,0,0,1,1,0,0
26.6,22.75,390.22,72.4,0,0,0,0,1,1,0,1
31.46,23.42,173.85,68.7,0,0,1,0,1,0,0,0
29.91,21.85,385.68,70.59,0,0,0,0,1,1,0,1
30.82,25.12,461.77,62.82,0,1,1,0,0,1,0,0
29.2,21.84,232.57,59.71,0,0,0,0,1,1,1,0
21.95,26.66,401.03,61.69,0,1,0,1,0,1,0,0
33.53,21.01,332.03,67.56,0,0,1,0,1,1,0,0
32.19,23.72,328.4,67.6,0,0,1,0,1,1,0,0
28.62,22.68,151.68,72.29,0,0,0,0,1,0,0,1
23.2,27.37,134.19,61.13,0,1,0,0,1,0,0,0
33.43,19.74,358.54,65.77,1,0,1,0,1,1,0,0
26.87,22.74,333.42,67.52,0,0,0,0,1,0,0,0
33.49,25.01,289.5,62.05,0,1,1,0,1,1,0,0
28.89,18.23,367.39,65.72,1,0,0,0,1,1,0,0
27.32,22.75,248.42,57.86,0,0,0,0,1,1,1,0
29.04,20.6,261.0,65.12,0,0,0,0,1,1,0,0
22.22,27.09,213.57,54.93,0,1,0,0,1,1,1,0
28.21,26.86,377.38,67.1,0,1,0,0,1,1,0,0
21.12,20.72,221.35,67.73,0,0,0,1,1,1,0,0
20.93,20.99,407.73,62.32,0,0,0,1,0,1,0,0
29.59,17.94,354.83,59.12,0,0,0,0,1,1,1,0
27.75,22.15,293.25,63.51,0,0,0,0,1,1,0,0
24.06,22.42,386.71,63.68,0,0,0,0,1,1,0,0
40.61,20.09,128.71,70.24,0,0,1,0,1,0,0,1
31.0,17.54,283.3,55.43,1,0,1,0,1,1,1,0
25.3,26.21,256.55,65.27,0,1,0,0,1,1,0,1
21.07,22.68,339.67,76.43,0,0,0,1,1,1,0,1
26.57,20.56,424.02,58.12,0,0,0,0,0,1,0,0
29.19,23.84,470.87,61.27,0,0,0,0,0,1,0,0
29.47,18.81,288.3,68.27,1,0,0,0,1,1,0,0
29.43,22.29,281.24,63.81,0,1,0,0,1,1,0,0
36.5,22.46,279.19,61.81,0,0,1,0,1,1,0,0
21.83,18.77,293.7,68.99,1,0,0,1,1,1,0,0
28.56,23.76,405.79,64.88,0,0,0,0,0,1,0,0
34.37,22.99,380.15,65.61,0,0,1,0,1,1,0,0
33.73,23.28,425.53,62.4,0,1,1,1,0,1,0,0
26.18,24.71,259.37,70.55,0,0,0,0,1,1,0,1
30.56,20.16,337.45,70.28,1,0,1,0,1,1,0,1
34.22,24.66,538.05,59.48,0,0,1,0,0,0,1,0
18.42,23.16,218.35,59.97,0,0,0,1,1,1,1,0
30.95,24.14,307.28,61.08,0,0,1,0,0,1,0,0
19.02,20.95,211.47,62.12,0,0,0,1,1,1,0,0
27.61,23.51,323.52,70.19,0,0,0,0,1,1,0,1
19.33,22.46,306.99,67.36,0,0,0,1,1,1,0,0
23.19,23.95,238.05,62.89,0,0,0,0,1,1,0,0
29.39,27.99,287.75,63.41,0,1,1,0,1,1,0,0
34.37,18.08,368.04,60.24,1,0,1,0,1,1,0,0
17.74,21.67,355.67,72.41,0,0,0,1,1,1,0,1
24.16,20.39,388.59,58.41,0,0,0,0,1,1,1,0
22.53,20.39,129.4,65.47,0,0,0,0,1,0,0,0
24.36,24.4,444.41,74.02,0,0,1,0,1,1,0,1
32.81,22.77,446.08,68.24,0,0,1,0,0,1,0,0
31.5,20.89,187.73,65.27,0,0,1,0,1,0,0,0
25.2,22.03,332.63,65.87,0,0,0,0,1,1,0,0
33.56,21.58,238.39,70.19,0,0,1,0,1,1,0,1
30.2,22.5,257.78,63.33,0,0,1,0,0,1,0,0
27.13,21.2,468.78,64.48,0,0,0,0,0,1,0,0
25.64,24.05,225.34,65.03,0,0,0,0,1,1,0,0
30.21,20.94,318.4,61.09,0,0,1,0,1,1,0,0
24.79,23.79,249.24,72.77,0,0,0,0,1,1,0,1
26.19,18.8,311.4,62.88,1,0,0,0,1,1,0,0
27.42,24.51,279.27,66.58,0,0,0,0,1,1,0,0
35.05,23.52,426.98,61.34,0,0,1,0,0,1,0,0
35.92,19.0,232.79,59.27,1,0,1,0,1,1,1,0
27.5,18.69,195.75,74.73,1,0,0,0,1,0,0,1
26.9,17.8,242.26,67.34,1,0,0,0,1,1,0,0
23.97,23.1,192.32,69.65,0,1,0,0,1,0,0,0
29.85,18.58,361.09,66.24,1,0,0,0,1,1,0,0
29.49,18.98,299.46,63.52,1,0,0,0,1,1,0,0
33.91,20.99,357.89,65.32,0,0,1,0,1,1,0,0
27.07,24.87,440.44,71.4,0,1,0,0,0,1,0,1
34.36,25.8,155.72,63.38,0,1,1,0,1,0,0,0
37.98,18.26,449.3,67.79,1,0,1,0,0,1,0,0
28.81,21.19,189.85,64.07,0,0,0,0,1,0,0,0
24.24,24.44,325.3,68.25,0,0,0,0,1,1,0,0
24.48,25.15,295.48,69.19,0,1,0,0,1,1,0,0
25.94,20.38,361.29,65.95,0,0,0,0,1,1,0,0
24.2,23.06,189.49,65.49,0,0,0,0,1,0,0,0
29.2,24.69,193.45,64.25,0,0,0,0,1,0,0,0
30.49,21.1,282.46,59.99,0,0,1,0,1,1,0,0
32.76,19.88,390.92,65.51,1,0,1,0,1,1,0,0
21.23,22.17,253.45,64.95,0,0,0,1,1,1,0,0
24.1,19.52,220.85,61.1,1,0,0,1,1,1,0,0
27.53,19.98,311.75,70.87,1,0,0,0,1,1,0,1
34.82,26.37,309.79,61.48,0,1,1,0,1,1,0,0
31.76,23.75,402.15,57.18,0,0,1,0,0,1,1,0
24.18,23.47,308.66,60.07,0,0,0,0,1,1,0,0
33.86,23.81,145.31,66.19,0,0,1,0,1,0,0,0
19.34,22.46,301.38,72.85,1,0,0,1,1,1,0,1
28.7,22.05,467.58,64.91,0,0,0,0,0,1,0,0
23.31,23.98,224.43,65.16,0,0,0,0,1,1,0,0
27.23,18.74,224.86,64.95,1,0,0,0,1,1,0,0
38.48,24.53,248.49,69.58,0,0,0,0,1,1,0,0
25.44,23.72,373.69,71.47,0,0,0,0,1,1,0,1
33.22,22.33,171.38,67.77,0,0,1,0,1,0,0,0
21.52,22.34,329.96,65.7,0,0,0,1,1,1,0,0
26.44,19.3,252.78,67.86,1,0,0,0,1,1,0,0
28.9,22.51,435.57,65.13,0,0,0,0,0,1,0,0
25.34,24.14,431.89,71.05,0,0,0,0,0,1,0,1
28.89,21.07,210.15,63.53,0,0,0,0,1,1,0,0
29.14,24.69,343.34,61.24,0,0,0,0,1,1,0,0
22.75,23.62,218.37,67.83,0,0,0,0,1,1,0,0
22.68,24.03,306.21,60.11,0,0,0,0,1,1,0,0
18.1,21.53,238.83,63.06,0,0,0,1,1,1,0,0
34.78,26.43,118.5,60.15,0,1,1,0,1,0,0,0
25.34,21.39,282.72,71.64,0,0,0,0,1,1,0,1
32.19,22.21,190.58,65.58,0,0,1,0,1,0,0,0
25.25,20.83,384.52,59.23,0,0,0,0,1,1,1,0
24.94,27.87,434.75,66.69,0,1,0,1,0,1,0,0
23.97,26.48,301.23,65.9,0,1,0,0,1,1,0,0
30.06,20.71,369.89,63.12,1,0,1,0,1,1,0,0
28.6,21.59,354.49,61.56,1,0,0,0,1,1,0,0
24.26,20.18,338.84,66.75,0,0,0,0,1,1,0,0
33.75,19.86,282.9,62.19,0,0,1,0,1,1,0,0
27.26,23.31,633.57,64.66,0,0,0,1,0,0,0,0
27.52,25.85,326.03,66.5,0,1,0,0,1,1,0,0
28.43,23.28,352.82,62.58,0,0,0,0,1,1,0,0
20.85,20.89,257.26,61.22,0,0,0,1,1,1,0,0
24.9,25.32,384.64,71.45,0,1,0,0,1,1,0,1
27.56,22.62,364.61,66.82,0,0,0,0,1,1,0,0
32.53,20.49,343.31,71.67,0,0,1,1,1,1,0,1
28.85,20.3,242.28,65.93,0,0,0,0,1,1,0,0
30.18,26.14,216.39,72.49,0,1,1,0,1,1,0,1
31.45,21.41,495.22,63.73,0,0,1,0,0,1,1,0
23.28,24.88,323.05,66.02,0,0,0,0,1,1,0,0
18.37,23.46,356.83,59.0,0,0,0,1,1,1,1,0
21.05,25.36,217.56,66.72,0,1,0,1,1,1,0,0
23.66,21.25,426.5,57.52,0,0,0,0,0,1,1,0
30.19,20.88,326.8,58.89,0,0,1,0,1,1,1,1
29.18,24.32,258.86,62.08,0,0,0,0,1,1,0,0
20.54,19.02,387.83,58.45,1,0,0,1,1,1,1,0
26.34,25.36,320.32,67.69,0,1,0,0,1,1,0,0
33.59,27.55,388.74,64.67,0,1,1,0,1,1,0,0
31.44,21.39,254.96,61.96,0,0,1,0,1,1,0,0
23.14,20.37,453.22,76.44,0,0,0,0,0,1,0,1
35.5,25.81,236.52,66.09,0,1,1,0,1,1,0,0
36.93,25.57,280.14,65.24,1,1,1,0,1,1,0,0
36.16,20.23,239.97,53.29,0,0,1,0,1,1,1,0
23.21,22.29,220.9,69.47,0,0,0,0,1,1,0,0
29.02,26.44,359.45,74.01,0,1,0,0,1,1,0,1
29.52,19.0,438.81,62.98,1,0,0,0,0,1,0,0
17.37,23.03,121.63,65.54,0,0,0,1,1,0,0,0
34.27,22.64,268.01,55.44,0,0,1,0,1,1,1,0
27.67,22.33,152.81,61.75,0,0,0,0,1,0,0,0
24.19,19.83,447.36,60.12,1,0,0,0,0,1,0,0
28.42,26.42,392.51,72.99,0,1,0,0,1,1,0,1
30.12,21.22,370.63,68.62,0,0,1,0,1,1,0,0
24.23,20.46,264.23,69.5,0,0,0,0,1,1,0,0
34.85,22.07,372.05,72.09,0,0,1,1,1,1,0,1
28.01,21.22,98.79,68.18,0,0,0,0,0,0,0,1
21.28,20.36,323.64,67.5,0,0,0,1,1,1,0,0
19.06,26.22,269.42,67.27,0,1,0,1,1,1,0,0
30.05,22.01,515.61,68.38,0,0,1,0,0,0,0,0
31.49,21.95,363.5,69.47,0,0,1,0,1,1,0,0
25.36,22.47,338.55,73.92,0,1,0,0,1,1,0,1
29.38,20.93,300.48,56.12,0,0,0,0,1,1,1,1
23.47,22.76,201.71,61.52,0,0,0,0,1,1,0,0
31.8,20.51,263.31,67.79,0,0,1,0,1,1,0,0
32.12,20.97,537.81,67.76,0,0,1,0,0,0,0,0
33.76,26.19,266.02,60.68,0,1,0,0,1,1,0,0
23.36,21.13,262.83,68.87,0,0,0,0,1,1,0,0
16.96,23.56,389.28,67.95,0,0,1,0,1,1,0,0
32.03,25.18,297.88,70.67,0,1,1,0,1,1,0,0
28.57,21.98,335.14,62.32,0,0,0,0,1,1,0,0
27.03,22.93,387.04,68.43,0,0,0,0,1,1,0,0
28.21,22.04,247.39,71.34,0,0,0,0,1,1,0,1
30.07,26.13,282.65,76.31,0,1,1,0,1,1,0,1
23.01,23.42,253.79,60.22,0,0,0,0,1,1,0,0
28.77,24.61,497.94,65.27,0,0,0,0,0,1,0,0
23.25,21.24,313.79,65.86,0,0,0,0,1,1,0,0
34.46,20.44,277.93,70.39,0,0,1,0,1,1,0,1
20.92,21.58,180.76,57.24,0,0,0,1,1,0,1,0
22.29,21.94,407.06,68.75,0,0,0,0,0,1,0,0
24.59,22.3,309.06,64.0,1,0,0,0,1,1,0,0
25.92,21.44,226.99,59.71,0,0,0,0,1,1,1,0
30.66,20.05,559.54,63.42,0,0,1,0,0,0,0,0
21.25,20.46,225.36,63.49,0,0,0,1,1,1,0,0
26.23,24.81,421.69,63.18,0,0,0,0,0,1,0,0
31.65,26.74,307.05,64.45,0,1,1,0,1,1,0,0
25.77,20.59,458.86,61.05,0,0,0,0,0,1,0,0
28.94,26.75,261.43,66.51,0,1,0,0,1,1,0,0
28.98,25.56,256.37,73.54,0,1,0,0,1,1,0,1
28.96,22.12,406.59,65.47,0,0,0,0,0,1,0,0
18.24,23.4,197.58,65.0,0,0,1,1,1,0,0,0
20.84,22.35,356.63,60.5,0,0,0,1,1,1,0,0
31.58,24.92,333.53,70.64,0,0,1,0,1,1,0,1
24.45,17.58,229.15,61.66,1,0,0,0,1,1,0,0
36.97,22.57,54.33,59.55,0,0,1,0,0,0,1,0
24.72,25.01,205.71,58.2,0,1,0,0,1,1,1,0
26.58,26.64,390.18,62.42,0,1,0,0,1,1,0,0
26.11,22.48,192.94,61.13,0,0,0,0,1,0,0,0
31.78,18.26,213.5,68.74,0,0,1,0,1,1,0,0
33.96,20.98,309.18,73.61,0,0,1,0,1,1,0,1
23.73,21.31,167.81,65.55,0,0,0,0,1,0,0,0
31.8,22.57,175.96,60.07,0,0,1,0,1,0,0,0
18.79,20.47,313.84,64.96,0,0,1,1,1,1,0,0
26.96,21.01,303.47,66.1,0,0,0,0,1,1,0,0
32.99,15.68,443.43,70.98,1,0,1,0,0,1,0,1
26.36,22.42,332.86,63.28,0,0,0,0,1,1,0,0
21.82,18.22,176.94,65.56,1,0,0,1,1,0,0,0
25.36,18.88,262.38,59.36,1,0,0,0,1,1,1,0
31.02,20.22,492.86,67.78,0,0,1,0,0,1,0,0
27.44,25.26,329.76,74.68,0,1,0,0,1,1,0,1
18.6,21.96,244.59,58.29,0,0,0,1,1,1,1,0
30.23,20.23,401.79,65.68,0,0,1,0,0,1,0,0
28.64,23.59,136.3,69.56,0,0,0,0,1,0,0,0
25.4,22.6,361.25,68.42,0,0,0,0,1,1,0,0
26.07,21.95,134.88,67.5,0,0,0,0,1,0,0,0
36.28,20.41,97.36,74.99,0,0,1,0,0,0,0,1
28.35,24.53,384.76,66.76,0,0,0,1,1,1,0,0
26.49,20.8,387.37,67.75,0,0,0,0,1,1,0,0
23.6,18.77,207.32,63.23,1,0,0,0,1,1,0,0
23.87,22.33,334.72,72.24,0,0,0,0,1,1,0,1
15.58,23.23,361.43,60.6,0,0,0,1,1,1,0,0
33.67,20.51,338.7,65.77,0,0,1,0,1,1,0,0
28.52,18.59,421.39,69.15,1,0,0,0,0,1,0,0
20.04,18.33,281.5,66.63,1,0,0,1,1,1,0,0
28.45,24.23,176.77,65.75,0,0,0,0,1,0,0,0
27.82,16.47,488.7,66.26,1,0,0,0,0,1,0,0
21.84,22.35,434.64,60.98,0,0,0,1,0,1,0,0
29.4,18.43,415.22,68.11,1,0,0,1,0,1,0,0
28.4,22.42,234.72,62.11,0,0,0,0,1,1,0,0
36.54,21.55,189.89,69.54,0,0,1,0,1,0,0,0
30.83,25.24,352.82,69.33,0,1,1,0,1,1,0,0
26.93,19.08,309.02,68.24,1,0,0,0,1,1,0,0
27.19,23.36,301.31,64.83,0,0,0,0,1,1,0,0
23.81,21.62,340.82,51.25,0,0,0,0,1,1,1,0
19.89,17.72,162.34,71.24,1,0,0,1,1,0,0,1
25.33,20.78,216.31,64.06,0,0,0,0,1,1,0,0
33.32,23.64,308.14,62.65,0,0,1,0,1,1,0,0
20.01,25.28,107.08,60.31,0,1,0,1,1,0,0,0
23.04,21.72,280.54,73.75,0,0,0,0,1,1,0,1
18.52,21.23,249.99,65.57,0,0,0,1,1,0,0,0
25.87,22.71,403.09,64.12,0,0,0,0,0,1,0,0
21.82,27.74,312.04,67.03,0,0,0,1,1,1,0,0
29.37,17.7,142.35,69.64,1,0,0,1,1,0,0,0
26.77,26.11,189.53,66.62,0,1,0,0,1,0,0,0
24.12,19.89,398.15,71.92,1,0,0,0,1,1,0,1
23.27,25.61,178.94,65.64,0,1,0,0,1,0,0,0
26.8,21.94,210.05,74.88,0,0,0,0,1,1,0,1
24.52,19.24,124.68,60.2,1,0,0,0,1,0,0,0
35.2,22.84,342.1,67.25,0,0,1,0,1,1,0,0
30.1,22.77,354.15,70.22,0,0,1,0,1,1,0,1
43.54,20.66,468.99,69.38,0,0,1,0,0,1,0,0
30.99,25.29,274.05,59.92,0,1,1,0,1,1,1,0
29.78,22.28,442.08,63.97,0,0,0,0,0,1,0,0
31.3,21.7,304.2,64.13,0,0,1,0,1,1,0,0
26.49,19.73,180.16,66.8,1,0,0,0,1,0,0,0
29.73,24.39,436.32,63.78,0,0,0,0,0,1,0,0
26.81,24.67,302.45,68.29,0,0,0,0,1,1,0,0
26.76,21.61,89.04,56.8,0,0,0,0,0,0,1,0
38.15,18.32,300.92,74.37,1,0,1,0,1,1,0,1
19.0,22.38,287.28,64.6,0,0,0,1,1,1,0,0
29.66,20.64,204.05,69.09,0,0,0,0,1,1,0,0
22.8,25.16,163.36,66.98,0,1,0,0,1,0,0,0
29.77,21.31,327.04,57.97,0,0,0,0,1,0,1,0
21.09,25.55,310.74,69.35,0,1,0,1,1,1,0,0
35.87,22.69,293.36,58.32,0,0,1,0,1,1,1,0
24.22,29.64,210.31,63.93,0,1,0,0,1,1,0,0
20.87,24.17,188.11,64.13,0,0,0,1,1,0,0,0
26.2,18.83,297.62,61.76,1,0,0,0,1,1,0,0
30.77,23.31,345.72,55.04,0,0,1,0,1,1,1,0
26.57,15.7,309.55,58.23,1,0,0,0,1,1,1,0
32.56,19.95,287.24,62.36,1,0,1,0,1,1,1,0
25.84,17.52,395.98,69.17,1,0,0,0,1,1,0,0
26.59,21.16,320.82,56.02,0,0,0,0,1,1,1,0
25.84,22.11,145.98,63.74,1,0,0,0,1,0,0,0
26.5,23.04,148.23,60.05,0,0,0,0,1,0,0,0
25.62,22.77,355.52,79.44,1,0,0,0,1,1,0,1
27.13,17.73,360.02,60.39,1,0,0,1,1,1,0,0
35.57,19.04,289.62,65.33,1,0,1,0,1,1,0,0
22.61,27.93,411.27,61.46,0,1,0,0,0,1,0,0
33.53,20.9,236.96,60.5,0,0,1,0,1,1,0,0
32.05,16.94,78.67,66.26,1,0,1,0,0,0,0,0
25.77,20.9,476.7,59.36,0,0,0,0,0,1,1,0
29.11,18.5,238.91,62.48,1,0,0,0,1,1,0,0
27.13,21.54,366.73,62.38,0,0,0,0,1,1,0,0
23.92,20.23,377.76,61.17,0,0,0,0,1,1,1,0
25.47,22.96,476.72,64.04,0,0,0,0,0,1,0,0
30.3,20.83,123.92,57.56,0,0,1,0,1,0,1,0
29.51,24.05,200.73,64.68,0,0,0,0,1,1,0,0
27.33,25.92,360.74,59.63,0,1,0,0,1,1,1,0
25.12,22.37,221.28,66.8,0,0,0,0,1,1,0,0
31.42,22.81,313.94,64.51,0,0,1,0,1,1,0,0
21.9,20.83,436.54,53.85,0,0,0,1,0,1,0,0
27.16,20.93,418.71,69.46,0,0,0,0,0,1,0,0
22.64,21.2,190.14,65.18,0,0,0,0,1,0,0,0
23.56,19.67,253.5,65.18,1,0,0,0,1,1,0,0
36.57,22.7,360.09,64.46,0,0,1,0,1,1,0,0
23.22,22.35,137.94,68.79,0,0,0,0,0,0,0,0
29.62,23.13,283.83,59.81,0,0,0,0,1,1,1,0
31.89,19.58,321.59,57.4,1,0,1,0,1,1,1,0
28.13,24.83,353.33,59.22,0,0,0,0,1,1,1,0
32.25,21.08,124.12,66.56,0,0,1,0,1,0,0,0
24.54,21.6,202.77,65.25,0,0,0,0,1,1,0,0
17.73,21.96,305.66,56.51,0,0,0,1,1,1,1,0
27.85,21.45,219.94,55.56,0,0,0,0,1,1,1,0
30.23,23.77,237.54,52.87,0,0,1,0,1,1,1,0
23.24,21.98,281.91,67.67,0,0,0,0,1,1,0,0
19.23,19.58,428.47,60.81,1,0,0,1,0,1,0,0
23.15,25.22,321.48,68.84,0,1,0,0,1,1,0,0
16.99,22.8,375.63,58.86,0,0,0,1,1,1,1,0
28.28,20.16,202.18,52.85,0,0,0,0,1,1,1,0
25.78,18.48,314.72,73.04,1,0,0,0,1,1,0,1
24.39,17.94,274.45,68.21,1,0,0,0,1,1,0,0
24.12,21.29,342.74,60.86,0,0,0,0,1,1,0,0
32.4,26.63,366.0,67.88,0,1,1,0,1,1,0,0
29.74,22.54,383.49,61.59,0,0,0,0,1,1,0,0
24.74,23.39,367.48,62.23,0,0,0,0,1,1,0,0
23.43,20.99,544.27,69.53,0,1,0,0,0,0,0,0
34.05,23.32,383.79,68.44,0,0,1,0,1,1,0,0
27.85,26.15,301.1,67.98,0,1,0,0,1,1,0,0
27.46,22.66,366.68,64.11,0,0,0,0,1,1,0,0
25.28,24.96,323.83,56.5,0,0,0,0,1,1,1,0
28.88,16.82,103.4,74.48,1,0,0,0,1,0,0,1
29.46,23.81,309.37,67.44,0,0,0,0,1,1,0,0
30.87,21.45,244.87,59.57,0,0,1,0,1,1,1,0
31.2,19.64,331.52,75.47,1,0,1,0,1,1,0,1
32.87,21.79,279.16,66.9,0,0,1,0,1,1,0,0
23.97,20.74,429.74,57.02,0,0,0,0,0,1,1,0
23.96,26.27,53.69,72.91,0,1,0,0,0,0,0,1
27.5,23.34,281.91,70.76,1,0,0,0,1,1,0,1
38.48,23.63,470.4,60.35,0,0,1,0,0,0,0,0
26.29,18.49,339.46,60.23,1,0,0,0,1,1,0,0
30.11,24.59,424.99,61.96,0,0,1,0,0,1,0,0
37.52,22.02,411.54,65.82,0,0,1,1,0,1,0,0
21.75,19.85,79.72,63.65,1,0,0,1,1,0,0,0
24.5,20.93,355.17,67.55,0,0,0,0,1,1,0,0
30.38,21.81,445.27,61.72,0,0,1,0,0,1,0,0
32.39,19.7,334.09,70.18,1,0,1,0,1,1,0,1
27.68,19.76,350.73,64.33,1,0,0,0,1,1,0,0
28.69,20.52,279.58,64.56,0,0,1,0,1,1,0,0
30.87,26.56,255.57,56.3,0,1,1,0,1,1,1,0
30.56,21.5,381.04,68.28,0,0,1,0,1,1,0,0
29.38,21.08,312.09,66.07,0,0,0,1,1,1,0,0
19.44,20.11,273.03,70.13,0,1,0,1,1,1,0,1
29.93,21.03,296.96,60.35,0,0,0,0,1,1,0,0
23.82,21.97,375.34,52.24,0,0,0,0,1,1,1,0
24.39,23.77,360.75,60.25,1,0,0,0,1,1,0,0
24.84,20.84,326.31,68.71,0,0,0,0,1,1,0,0
35.05,16.07,110.29,73.96,1,0,1,0,1,0,0,1
23.27,21.85,402.75,65.67,0,0,0,0,0,1,0,0
26.1,22.01,214.1,70.1,0,0,0,0,1,1,0,1
32.9,19.29,277.02,61.62,1,0,1,0,1,1,0,0
31.78,23.95,235.25,65.55,0,0,1,0,1,1,0,0
40.24,21.34,125.88,66.2,0,0,1,0,1,0,0,0
20.46,21.17,276.24,59.37,0,0,0,1,1,1,1,0
25.06,22.13,309.6,72.46,0,0,0,0,1,1,0,1
21.83,24.98,393.95,67.93,0,0,0,1,1,1,0,0
29.68,22.18,379.36,57.11,0,0,0,1,1,1,1,0
30.57,22.43,159.69,63.75,0,0,1,0,1,0,0,0
34.33,23.94,288.74,61.98,0,0,1,0,1,1,0,0
24.97,26.5,238.06,58.41,0,1,0,0,1,1,1,0
24.13,18.96,263.49,62.93,1,0,0,0,1,1,0,0
24.68,22.94,245.22,58.33,0,0,0,0,1,1,1,0
29.02,22.39,302.58,64.16,0,0,0,0,1,1,0,1
26.22,23.27,388.44,68.07,0,0,0,0,1,1,0,0
29.58,21.28,142.42,62.27,0,0,0,0,1,0,0,0
25.47,21.01,237.02,66.57,0,0,0,0,1,1,0,0
31.76,19.34,342.82,74.78,1,0,1,0,0,1,0,1
38.35,21.69,363.85,62.4,0,0,1,0,1,1,0,1
28.65,24.91,173.94,50.22,0,0,0,0,1,0,1,0
25.43,18.53,360.33,67.71,1,1,0,0,1,1,0,0
20.08,24.19,257.47,80.0,0,0,0,1,1,1,0,1
22.49,24.71,348.47,62.84,0,0,0,0,1,1,0,0
28.48,19.9,190.49,62.31,1,0,0,0,1,0,0,0
24.62,21.65,201.65,63.51,0,0,0,0,1,1,0,0
30.78,19.67,260.09,59.52,1,0,1,0,1,1,1,0
26.06,23.12,278.06,61.81,0,0,0,0,1,1,0,0
31.59,18.05,71.15,73.85,1,0,1,0,0,0,0,1
30.7,27.17,168.87,63.67,0,1,1,0,1,0,0,0
24.68,21.34,243.73,68.01,0,0,0,0,1,1,0,0
34.74,23.23,505.78,68.81,0,0,1,0,0,0,0,0
31.88,26.23,400.6,62.87,0,1,1,0,0,1,0,0
26.33,22.52,327.07,69.89,0,0,0,0,1,1,0,0
26.31,22.26,255.47,68.84,0,1,0,0,1,1,0,0
31.99,22.69,206.46,56.51,0,0,1,0,1,1,1,0
26.18,21.87,258.63,68.43,0,0,0,0,1,1,0,0
33.62,17.61,281.27,53.21,1,0,1,0,1,1,1,0
26.38,23.34,269.15,70.28,0,0,0,0,1,1,0,1
31.86,19.37,336.39,66.98,1,0,1,0,1,1,1,0
31.97,21.88,223.07,60.44,0,0,1,0,1,1,1,0
18.65,22.6,542.51,61.76,0,0,0,1,0,1,0,0
29.62,24.3,403.44,71.65,0,0,0,0,0,1,0,1
21.56,20.48,323.82,69.03,0,0,0,1,1,1,0,0
34.36,21.82,325.63,66.04,0,0,0,0,1,1,0,1
33.57,19.72,194.07,66.8,0,0,1,0,1,0,0,0
27.93,21.84,308.12,66.23,0,0,0,0,1,1,0,0
31.56,22.69,417.25,56.71,0,0,1,0,0,1,1,0
29.81,22.2,159.25,70.43,0,0,0,0,1,0,0,1
21.16,23.29,351.11,61.03,0,0,0,1,1,1,0,0
27.36,17.25,309.19,61.86,1,0,0,0,1,1,0,0
22.72,21.97,69.77,70.95,0,0,0,0,0,0,0,1
31.97,23.35,340.69,67.87,0,0,1,0,1,0,0,0
28.68,19.32,473.02,76.53,1,0,0,0,0,1,1,1
30.78,22.09,469.02,59.69,0,0,1,0,0,1,1,0
17.46,23.59,454.46,60.82,0,0,0,1,0,1,0,0
25.88,21.11,338.72,62.57,0,0,0,0,1,1,0,0
33.18,18.06,298.06,70.05,1,0,1,0,1,1,0,1
33.3,21.26,327.02,66.94,0,1,0,0,1,1,0,0
25.06,24.92,247.87,70.6,0,0,0,0,1,1,0,1
37.1,24.03,340.61,60.41,0,0,1,0,1,1,0,0
24.63,22.05,334.23,64.9,0,0,0,0,1,1,1,0
27.85,25.27,342.4,66.72,0,1,0,1,1,1,0,0
23.47,24.23,238.88,56.99,0,0,0,0,1,1,1,0
26.67,22.45,250.65,72.92,0,0,1,0,1,1,0,1
29.26,24.33,423.44,61.97,0,0,0,0,0,1,0,0
27.96,22.69,127.16,57.74,0,0,0,0,1,0,1,0
30.4,20.84,318.91,66.58,0,0,1,0,1,1,0,1
30.74,21.37,232.77,56.58,0,0,1,0,1,1,1,0
30.43,20.57,413.71,60.44,0,0,1,0,0,1,0,0
33.59,18.1,291.51,63.72,1,0,1,0,1,1,0,1
28.01,23.91,185.67,61.16,0,0,0,0,1,0,0,0
24.33,24.6,169.45,65.78,0,0,0,0,1,0,0,0
19.83,21.28,607.86,73.27,0,0,0,1,0,0,0,1
28.26,24.32,476.84,60.99,0,0,0,0,0,1,0,1
31.11,26.14,203.47,66.31,0,1,1,0,1,1,0,0
20.85,21.21,346.75,66.78,0,0,0,1,1,1,0,0
33.46,20.04,408.27,61.66,0,0,1,0,0,1,0,0
36.05,24.46,258.89,66.46,0,1,1,0,1,1,0,0
25.82,25.68,223.01,58.7,0,1,0,0,1,1,0,0
24.8,20.11,389.82,59.66,0,0,0,0,1,1,1,0
24.14,21.45,431.73,63.37,1,0,0,0,0,1,0,0
27.28,23.15,361.41,72.71,0,0,0,0,1,1,0,1
27.02,21.37,349.46,64.09,0,0,0,0,0,1,0,0
23.87,24.46,282.76,65.34,0,0,0,0,1,1,0,0
22.16,20.8,459.78,63.87,0,0,0,0,1,1,0,0
25.53,21.49,252.11,57.5,0,0,0,0,1,1,1,0
21.22,20.37,448.5,65.81,0,0,0,1,0,1,0,0
29.7,19.23,297.48,51.68,1,0,0,0,1,1,1,0
32.02,20.46,411.31,63.85,0,0,1,0,0,1,0,0
28.8,22.26,305.59,59.74,0,0,0,0,1,1,1,0
31.46,24.25,349.54,57.82,0,0,1,0,1,1,1,0
28.72,20.84,261.86,58.17,0,0,0,0,1,1,1,0
23.71,19.16,228.58,62.38,1,0,0,0,1,1,0,0
10.87,23.65,230.1,63.73,0,0,0,1,1,1,0,0
20.63,23.11,359.55,66.58,0,0,0,1,1,1,0,0
27.59,21.09,150.0,61.31,0,0,0,0,1,0,0,0
26.89,23.65,432.97,70.39,0,0,0,0,0,1,0,1
27.16,23.98,217.15,70.27,0,0,0,0,1,1,0,1
22.86,20.7,400.38,73.21,0,0,0,0,0,1,0,1
24.29,21.91,208.25,57.13,0,0,0,0,1,1,1,0
24.84,25.02,216.56,73.52,0,1,0,0,1,1,0,1
39.27,18.17,419.57,59.33,1,0,1,0,0,1,1,0
32.2,22.37,310.59,65.12,0,0,1,0,1,1,0,0
27.69,24.35,278.37,67.13,0,0,0,0,1,1,0,0
30.32,23.69,257.52,63.96,0,0,1,1,1,1,0,0
26.43,24.31,455.58,60.68,0,0,0,0,0,1,0,0
24.76,21.37,407.86,77.7,0,0,0,0,0,1,0,1
27.81,22.45,397.15,64.87,0,0,0,0,1,1,0,0
29.67,23.78,341.0,65.07,0,0,0,0,1,1,0,0
20.49,23.43,296.91,63.97,0,0,0,1,1,1,0,0
29.34,24.93,305.28,71.41,0,0,0,0,1,1,0,1
32.81,27.6,275.53,70.17,1,1,1,0,1,1,0,1
30.28,19.37,390.74,63.31,1,0,1,0,1,1,0,0
26.54,18.85,180.77,65.94,1,0,0,0,1,0,0,0
34.65,21.54,357.45,66.0,0,0,1,0,1,1,0,0
25.21,21.61,290.34,61.16,0,0,1,0,1,1,0,0
29.41,22.1,245.39,73.44,0,0,0,0,0,1,0,1
27.19,23.06,444.83,63.5,0,0,0,0,0,1,0,0
24.77,23.46,308.49,68.15,0,0,1,0,0,1,0,0
23.35,23.22,222.54,65.05,0,0,0,0,1,1,0,0
28.63,22.97,273.66,66.06,0,0,0,0,1,1,0,0
26.74,15.13,240.23,60.74,1,0,0,0,1,1,0,0
35.53,19.72,220.16,65.47,1,0,1,1,1,1,0,0
34.68,17.03,337.02,52.78,1,1,1,0,1,0,1,0
30.48,24.71,278.92,66.57,0,0,1,0,1,0,0,0
28.17,23.13,446.44,68.89,0,0,0,0,0,1,0,0
33.2,26.09,281.57,67.9,0,1,1,0,1,0,0,0
22.97,25.91,399.7,64.03,0,1,0,0,1,1,0,0
27.75,24.55,332.08,74.96,0,0,0,0,1,1,0,1
28.71,23.31,243.94,66.07,0,0,0,0,1,1,0,0
35.22,23.18,400.92,61.11,0,0,0,0,0,1,0,0
35.19,24.58,294.81,68.95,0,0,1,0,1,1,0,0
21.21,16.93,309.86,61.25,1,0,0,1,1,1,0,0
23.62,22.0,360.04,57.61,0,0,0,0,1,1,1,0
21.34,21.93,364.19,71.9,0,0,0,1,1,1,0,1
29.58,28.06,265.47,68.12,0,1,0,0,1,1,0,0
18.7,23.31,319.81,72.43,0,0,0,1,1,1,0,1
29.97,24.83,204.03,70.06,0,0,0,0,1,1,0,1
28.55,20.68,361.39,66.42,0,0,0,0,1,1,0,0
24.2,22.51,373.85,54.47,0,0,0,0,1,1,1,0
30.12,24.71,362.46,56.98,0,1,1,0,1,1,1,0
27.07,21.28,399.49,66.91,0,0,0,0,1,1,0,0
27.81,22.23,303.86,68.5,0,0,0,0,1,1,0,0
24.69,26.27,207.07,62.72,0,1,0,0,1,1,0,0
28.64,24.61,131.17,63.57,0,0,0,0,1,0,0,0
34.73,24.14,282.32,60.68,0,0,1,0,1,1,0,0
38.05,25.87,372.93,62.7,0,1,1,0,1,1,1,0
24.61,24.18,420.98,63.79,0,0,0,0,0,1,0,0
31.12,15.85,209.36,65.53,1,0,1,0,1,1,0,0
14.22,23.8,268.53,69.9,0,0,0,1,1,1,0,0
25.75,24.65,245.08,73.31,0,0,0,0,1,1,0,1
22.49,17.06,283.11,66.21,1,0,0,0,1,1,0,0
16.6,26.54,224.84,75.68,0,1,0,1,1,1,0,1
31.53,24.67,301.92,70.54,0,0,1,0,1,1,0,1
25.46,21.49,407.4,63.6,0,0,0,0,0,1,0,0
25.71,28.87,191.78,58.65,0,1,0,0,1,0,1,0
33.64,21.89,237.71,63.09,0,0,1,0,1,1,0,0
22.34,22.53,378.25,56.62,0,0,0,0,1,1,1,0
27.0,23.97,259.96,63.24,0,0,0,0,1,1,1,0
30.13,21.08,322.06,64.77,0,0,1,0,1,1,0,0
34.02,16.42,401.29,55.49,1,0,1,0,0,1,1,0
24.25,20.56,216.5,56.66,0,0,0,0,1,1,1,0
36.27,23.22,334.61,72.98,0,0,1,0,1,1,0,1
22.9,23.38,258.68,67.35,0,0,0,0,1,1,0,0
23.24,20.54,129.55,66.05,0,0,0,0,1,0,0,0
27.46,23.88,299.53,68.58,0,0,0,0,1,1,0,0
24.68,25.51,237.77,65.45,0,1,0,0,1,1,0,0
15.86,24.35,170.98,53.34,0,0,0,1,1,0,1,0
21.23,24.17,133.88,72.85,0,0,0,1,1,0,0,1
24.23,25.24,170.92,64.13,0,1,0,0,1,0,0,0
30.09,28.14,112.98,60.44,0,1,1,0,1,0,0,0
22.2,24.63,410.81,68.76,0,0,0,0,0,1,0,0
32.29,22.31,292.35,60.4,0,0,1,0,1,1,0,0
26.64,17.3,423.57,63.71,0,0,0,0,0,1,0,0
22.97,21.33,286.95,63.63,0,0,0,0,1,1,0,0
22.33,23.55,322.63,64.73,0,1,1,0,1,1,0,0
19.28,21.01,246.35,61.89,0,0,0,1,1,1,1,0
30.14,24.36,276.84,72.65,0,0,1,0,1,1,0,1
26.62,26.19,155.13,61.16,1,1,0,0,1,0,0,0
20.99,21.44,195.97,63.35,0,0,0,1,1,0,0,0
32.03,20.08,370.38,56.75,0,0,1,0,1,1,1,0
31.77,22.16,0.0,68.54,0,0,1,0,0,0,0,0
35.16,23.37,401.33,68.96,0,0,1,0,0,1,0,0
15.89,21.59,249.59,65.83,0,0,0,1,1,1,0,0
31.84,20.68,434.77,60.49,0,0,1,0,0,1,0,0
26.75,22.75,290.39,67.37,0,0,0,0,1,1,0,0
30.7,27.5,345.7,71.0,0,1,0,0,1,1,0,1
28.34,28.48,219.16,71.06,0,1,0,0,1,1,0,1
26.82,23.6,326.41,74.9,0,0,0,0,1,1,0,1
22.97,23.31,370.3,63.68,0,0,0,0,1,1,0,0
20.58,18.72,168.49,68.09,1,0,0,1,1,0,0,0
29.12,30.0,284.41,63.54,0,1,0,0,1,1,1,0
32.72,19.2,277.02,59.59,1,0,1,0,1,1,1,0
30.37,21.2,274.76,74.83,0,0,1,0,1,1,0,1
39.43,21.57,400.2,61.05,0,0,1,0,0,1,0,0
36.84,21.54,177.47,64.93,0,0,1,0,1,0,1,0
24.84,25.94,435.62,69.83,0,1,1,0,0,1,0,0
26.32,23.83,185.6,61.84,0,0,0,0,1,0,0,0
39.12,25.66,278.48,58.84,0,1,1,0,1,1,1,0
30.34,22.97,229.12,59.33,0,0,1,0,0,1,1,1
24.34,21.92,479.1,66.16,0,0,0,0,0,1,0,0
23.94,25.31,197.19,61.82,0,1,0,0,1,0,0,0
21.05,19.34,349.71,64.51,1,0,0,1,1,1,0,0
28.23,20.09,182.2,57.69,0,0,0,0,1,0,1,0
33.12,24.31,514.4,70.46,0,0,0,0,0,0,1,1
15.86,22.21,217.19,62.5,0,0,0,1,1,1,0,0
23.32,22.47,178.54,73.41,0,0,0,0,1,0,0,1
28.41,19.82,220.32,76.2,1,0,0,0,1,1,0,1
20.76,17.11,239.21,69.01,1,0,0,1,1,1,0,0
27.03,19.55,394.67,65.18,1,0,0,0,1,1,0,0
21.88,21.74,287.87,69.26,0,0,0,1,1,1,0,0
34.97,25.13,290.68,70.85,0,1,1,0,1,1,0,1
21.27,23.71,369.45,64.82,0,0,0,1,1,1,0,0
18.52,26.22,308.05,69.81,0,1,0,1,1,1,0,0
32.72,26.85,315.39,68.48,0,1,1,0,1,1,0,0
31.7,20.7,393.7,68.34,0,0,1,0,1,1,0,0
42.21,23.35,285.78,60.57,0,0,1,0,1,1,0,0
24.16,20.45,280.57,70.36,0,0,0,0,1,1,0,1
29.07,28.04,401.76,67.71,0,1,0,0,0,1,0,0
24.58,22.71,266.09,67.63,0,0,0,0,1,1,0,0
31.74,22.56,181.03,74.49,0,1,1,0,1,0,0,1
30.19,26.54,356.58,59.77,0,1,1,0,1,1,1,0
29.36,24.66,284.31,64.6,0,0,0,0,1,1,1,0
25.19,15.0,155.11,60.86,1,0,0,0,1,0,0,0
19.96,22.34,231.69,64.18,0,0,0,1,1,1,0,0
34.76,21.23,185.84,63.59,0,0,1,0,1,0,0,0
33.14,22.28,101.2,54.9,0,0,1,0,1,0,1,0
19.84,24.75,380.48,65.84,0,0,0,1,1,1,0,0
28.45,25.95,305.6,66.16,0,1,0,0,1,1,0,0
26.07,16.45,442.29,64.31,1,1,0,0,0,1,0,0
24.09,23.87,241.48,64.32,0,0,0,0,1,1,1,0
23.05,20.6,343.33,64.01,0,0,0,0,1,1,0,0
27.81,20.41,418.0,64.04,0,0,0,0,0,1,0,0
25.68,24.22,234.25,67.67,0,0,0,0,1,1,0,0
38.78,20.9,418.99,71.69,0,0,1,0,0,1,0,1
23.05,23.56,241.15,69.75,0,0,0,0,1,1,0,0
18.35,25.72,415.65,65.51,0,1,0,1,0,0,0,0
22.59,18.6,353.08,71.47,1,0,0,0,1,1,0,1
22.72,24.36,107.19,59.24,0,0,0,0,1,0,1,0
30.59,20.07,370.82,61.0,0,0,1,0,1,1,0,0
29.32,23.59,222.66,68.54,0,0,1,0,1,1,0,0
23.27,23.34,376.09,69.84,0,0,0,0,1,1,0,0
36.58,19.4,380.55,72.47,1,0,1,0,1,1,0,1
21.3,25.54,432.26,63.73,0,1,0,1,0,1,0,0
16.44,18.12,257.72,61.55,1,0,0,1,1,1,0,0
32.61,19.73,416.87,61.97,1,0,1,0,0,1,0,0
26.7,21.78,240.64,68.86,0,0,0,0,1,1,0,0
22.9,22.83,193.47,59.63,0,0,0,0,1,0,1,0
25.52,23.1,262.93,72.4,0,0,0,0,1,1,0,1
32.14,20.89,330.63,70.22,0,0,1,0,1,1,0,1
24.37,26.48,292.78,64.12,0,1,0,0,1,1,0,0
25.13,19.88,142.94,72.34,1,0,0,0,1,0,0,1
36.35,21.87,305.67,61.07,0,0,1,0,1,1,0,0
21.52,19.13,276.34,62.58,1,0,0,1,1,1,0,0
29.36,20.3,289.68,67.87,0,0,0,0,1,1,0,0
35.75,19.82,378.97,59.39,1,0,1,0,1,1,1,0
22.54,21.66,207.3,72.12,0,0,0,0,1,1,0,1
32.88,18.71,328.67,50.0,1,0,1,0,1,1,1,0
33.84,22.95,209.18,61.67,0,0,1,0,1,1,0,0
25.46,21.21,402.48,71.0,0,0,0,0,0,1,0,1
24.58,21.71,190.02,65.68,0,0,0,0,1,0,0,0
29.14,25.85,207.31,63.06,0,1,0,0,1,1,0,0
30.58,18.29,339.2,62.94,1,0,1,0,1,1,0,0
19.91,26.33,227.58,64.55,0,1,0,1,1,1,0,0
19.47,19.06,269.78,67.09,1,0,0,1,1,1,0,0
20.88,24.06,523.21,59.52,0,0,1,1,0,0,1,0
30.65,23.78,303.05,70.4,0,0,1,0,1,1,0,1
33.55,22.34,158.86,65.75,0,0,1,0,1,0,0,0
27.09,24.43,178.07,60.12,0,0,0,0,1,0,0,0
29.29,24.35,390.29,70.44,0,0,0,1,0,1,0,1
31.01,24.65,240.02,51.98,0,0,1,0,1,1,1,0
22.34,25.43,147.27,65.43,0,1,0,0,1,0,0,0
26.77,20.94,492.11,61.28,0,0,0,0,0,1,0,0
21.84,19.93,255.43,59.71,1,0,0,1,1,1,1,0
23.72,23.14,376.41,66.88,0,0,0,0,1,1,0,0
31.41,18.36,410.05,65.0,1,0,1,0,0,1,0,0
20.7,20.79,337.69,51.95,0,0,0,1,1,1,1,0
18.78,19.33,341.27,60.75,1,0,0,1,1,1,0,0
32.37,21.54,374.27,59.96,0,0,1,0,1,1,1,0
20.29,20.43,356.55,61.54,0,0,0,1,1,1,0,0
28.38,21.56,164.6,69.72,0,0,0,0,1,0,0,0
29.3,22.58,158.01,64.49,0,0,0,0,1,0,0,0
23.22,24.95,312.13,68.68,0,0,0,0,1,1,0,0
26.36,24.55,338.12,65.51,0,0,0,0,1,1,0,0
30.07,21.55,355.11,70.76,0,0,1,0,1,1,0,1
24.0,25.45,328.18,58.54,0,1,0,0,1,1,1,0
29.24,22.99,212.21,68.84,0,0,0,0,1,1,0,0
27.79,22.08,308.43,75.78,0,0,0,0,1,1,0,1
27.79,23.51,527.81,65.29,1,0,0,0,0,0,0,0
29.8,19.48,392.16,69.32,1,0,0,0,1,1,0,0
17.66,22.39,428.55,60.57,0,0,0,1,0,1,0,0
32.03,19.34,389.56,59.8,1,0,1,0,1,1,1,1
24.46,25.82,247.49,62.54,0,1,0,0,1,0,0,0
26.05,22.6,153.27,64.67,0,0,0,0,1,0,0,0
26.31,23.66,249.0,66.93,0,0,0,0,1,1,1,0
25.72,25.02,197.12,63.61,0,1,0,0,1,0,0,0
20.25,22.08,310.14,61.92,0,0,0,1,1,1,0,0
18.99,21.64,386.08,55.37,0,0,0,1,1,1,1,0
33.3,25.69,291.17,65.06,0,1,1,0,1,1,0,0
36.83,21.61,166.85,68.13,0,0,1,0,1,0,1,0
32.28,21.16,251.07,65.14,0,0,1,0,1,1,0,0
21.69,22.67,173.65,67.94,0,0,0,1,1,1,0,0
25.74,20.93,387.62,70.01,0,0,0,0,1,1,0,1
31.88,16.77,404.26,61.59,1,0,1,0,0,1,0,0
25.58,24.22,5.05,62.49,0,0,0,0,0,0,0,0
32.51,22.55,292.44,67.42,0,0,1,0,1,1,0,0
28.3,19.82,490.67,70.99,1,0,0,0,0,1,0,1
28.1,25.13,197.17,61.72,0,1,0,0,1,0,1,0
28.83,20.99,292.91,66.52,0,0,0,1,1,1,0,0
21.9,20.38,248.06,75.25,0,0,0,1,1,1,0,1
23.62,23.18,225.0,66.25,0,0,0,0,1,1,0,0
27.0,25.48,349.72,65.89,0,1,1,0,1,1,0,0
28.8,24.21,289.35,67.56,0,0,0,0,0,1,0,0
26.68,25.05,212.9,66.5,0,0,0,0,1,1,0,0
29.58,20.96,455.86,63.42,0,0,0,0,0,1,0,0
22.27,20.17,326.51,72.85,0,0,0,0,1,1,0,1
29.98,21.99,143.06,61.34,0,0,0,0,1,0,0,0
25.59,19.36,392.78,59.72,1,0,0,1,1,1,1,0
22.29,23.47,314.02,66.28,0,0,0,1,1,1,0,0
23.02,23.3,262.79,63.91,0,0,0,0,1,1,0,0
30.69,21.61,307.94,65.8,0,0,0,0,1,1,0,0
21.23,21.03,312.21,62.72,0,0,0,1,1,1,0,0
19.59,24.51,173.73,64.36,0,0,0,1,1,0,0,0
22.99,21.86,375.24,66.63,0,0,0,0,1,1,0,0
15.85,23.71,441.64,70.09,0,0,0,1,0,0,1,1
25.48,21.33,222.26,76.69,0,0,0,0,1,1,0,1
22.27,28.07,261.21,66.71,0,1,0,0,1,1,0,0
19.66,22.07,239.37,65.51,0,0,0,1,1,1,0,0
32.0,20.52,248.64,62.07,0,1,1,0,1,1,0,0
22.84,20.43,262.9,64.56,0,0,0,0,0,1,0,0
35.29,24.7,322.29,64.79,0,0,1,0,1,1,0,0
32.56,17.47,24.74,62.86,0,0,1,0,0,0,0,0
30.53,26.72,446.75,76.35,0,1,1,0,0,1,0,1
21.08,17.07,298.71,72.08,1,0,0,1,1,1,0,1
28.38,16.94,201.14,64.53,1,0,0,0,0,1,0,0
34.05,21.88,486.1,64.65,0,0,1,0,0,1,0,0
25.58,30.0,307.3,61.22,0,1,0,0,1,1,0,0
18.46,19.51,322.89,68.93,1,0,0,1,1,1,0,0
31.07,27.76,340.35,62.51,0,1,1,0,1,1,0,0
29.18,21.06,395.94,71.57,0,0,0,0,1,1,0,1
24.81,17.27,454.27,58.4,1,0,0,0,0,1,1,0
31.21,23.41,168.78,61.91,0,0,1,0,1,0,0,0
20.69,26.89,360.21,62.37,0,1,0,1,1,1,0,0
32.19,26.48,123.6,58.01,0,1,1,0,1,0,1,0
18.2,26.08,294.04,73.43,0,1,0,1,1,1,0,1
25.48,25.1,483.51,71.69,0,1,0,1,0,1,0,1
32.98,18.64,237.41,62.65,1,0,1,0,1,1,0,0
26.57,20.71,263.15,67.95,0,0,0,0,1,1,0,0
35.67,21.88,274.37,61.83,0,0,1,0,1,1,0,0
33.35,23.3,130.91,68.11,0,0,1,0,1,0,0,0
31.18,18.08,199.43,61.83,1,0,1,1,1,0,0,0
17.44,26.73,346.46,66.2,0,1,0,1,1,1,0,0
33.89,19.48,158.04,64.81,1,0,1,0,1,0,0,0
23.41,27.91,489.41,53.88,0,1,0,0,0,1,1,0
21.86,23.32,523.04,66.68,0,0,0,1,0,0,0,0
21.73,18.95,345.66,64.1,1,0,0,1,1,1,0,0
32.89,24.11,322.43,70.09,0,0,1,0,1,1,0,1
27.8,26.37,316.0,60.83,0,1,0,0,1,1,0,0
22.04,24.53,248.25,65.78,0,0,0,0,1,1,0,0
25.73,25.76,280.01,56.73,0,0,0,0,1,1,1,0
18.06,21.79,339.4,53.48,0,1,0,1,1,1,1,0
20.8,23.55,319.4,66.65,0,0,0,1,1,1,0,1
23.9,22.8,301.7,69.38,0,0,0,0,1,1,0,0
34.63,24.7,157.97,63.2,0,0,1,0,1,0,0,0
27.68,18.86,198.33,68.39,1,0,0,0,1,0,0,0
28.62,20.7,374.77,58.53,0,0,0,0,1,1,1,0
33.7,18.5,256.54,59.63,1,0,1,0,1,1,1,0
27.57,21.7,228.78,62.87,0,0,0,0,1,1,0,0
31.51,22.07,322.84,60.34,0,0,1,0,1,1,0,0
30.36,19.71,396.77,61.66,1,0,1,0,1,1,0,0
26.81,19.55,324.74,67.1,1,0,0,0,1,1,0,0
28.65,24.17,353.43,64.41,0,0,0,0,1,1,0,0
27.96,23.31,407.85,73.57,0,0,0,0,0,0,1,1
22.59,19.99,180.7,65.16,1,0,0,0,0,0,0,0
28.25,20.44,277.24,60.92,0,0,0,0,1,1,0,0
27.14,21.88,286.88,58.21,0,0,0,0,1,1,1,0
20.78,22.29,163.45,70.55,0,0,0,1,1,0,0,1
28.05,25.73,296.95,57.56,0,1,0,0,1,1,1,0
19.3,22.24,132.21,60.86,0,0,0,1,1,0,0,0
26.64,26.61,238.66,72.81,0,1,0,0,1,1,0,1
26.06,27.24,367.23,55.74,0,1,0,0,1,1,1,0
28.31,20.99,400.64,58.53,0,0,0,0,0,1,1,0
24.66,26.45,148.19,69.13,0,1,0,0,1,0,0,0
29.03,23.0,269.88,75.27,0,0,0,0,1,1,0,1
21.72,17.57,322.09,68.39,1,0,0,1,1,1,0,0
31.09,20.9,490.54,72.17,0,0,1,1,0,1,0,1
34.6,23.3,313.66,65.83,0,0,1,0,1,1,0,0
31.94,22.25,389.65,69.89,0,0,1,0,1,1,0,0
22.96,18.84,254.3,74.66,1,0,0,0,1,1,0,1
27.29,24.74,266.85,64.08,0,0,0,0,1,1,0,0
25.98,17.49,468.4,64.43,1,0,0,0,0,1,0,0
23.87,20.13,433.83,64.79,0,0,0,0,0,1,0,0
23.65,20.36,139.26,61.33,0,0,0,0,1,0,0,0
29.94,22.39,369.43,68.66,0,0,0,0,1,1,0,0
30.48,19.77,274.63,64.42,1,0,1,0,1,1,0,0
19.34,20.73,287.16,65.67,0,0,0,1,1,1,0,0
29.76,21.68,246.54,69.02,0,0,0,0,1,1,0,0
21.83,23.43,378.17,63.92,0,0,0,1,1,1,1,0
36.01,26.01,191.61,67.63,0,1,1,0,1,0,0,0
26.55,22.97,196.53,52.76,0,0,0,0,1,0,1,0
29.81,22.76,216.39,61.73,0,0,0,0,1,1,0,0
25.13,23.98,423.5,66.25,0,0,0,0,0,1,0,0
21.18,23.27,169.13,66.18,0,0,0,1,1,0,0,0
21.93,23.23,93.72,71.88,0,0,0,1,0,0,1,1
26.95,25.0,357.72,65.99,0,0,0,0,1,1,0,0
28.25,19.01,225.86,61.97,1,0,0,0,1,1,0,0
26.19,28.05,237.29,72.78,0,1,0,0,1,1,0,1
25.76,22.37,306.77,70.58,0,0,0,0,1,1,0,1
27.18,23.49,272.95,66.52,0,0,0,0,1,1,0,0
29.9,23.95,93.22,68.69,0,0,0,0,0,0,0,0
22.66,21.6,375.34,61.53,0,0,0,0,1,1,0,0
29.53,22.25,168.35,55.66,0,0,0,0,1,0,1,0
27.72,23.16,478.6,71.03,0,0,0,0,0,1,0,1
27.38,20.68,257.11,65.15,0,0,0,0,1,1,0,0
20.08,22.43,398.63,67.31,0,0,0,1,1,1,0,0
17.77,21.0,388.23,69.49,0,0,0,1,1,0,0,0
27.62,20.92,392.29,71.54,0,0,0,0,1,0,0,1
30.89,19.46,258.03,50.49,1,0,1,0,1,1,1,0
30.37,23.47,250.18,70.74,0,0,1,0,1,1,0,1
15.96,23.31,138.05,67.63,0,0,0,1,1,0,0,0
29.56,18.17,287.24,77.97,1,0,0,0,1,1,0,1
28.46,23.52,244.36,65.38,0,0,0,0,1,1,0,0
28.65,19.51,257.18,64.47,1,0,0,0,1,1,0,0
19.75,24.5,290.64,71.24,0,0,0,1,1,1,0,1
30.58,22.42,288.98,68.73,0,0,1,0,1,1,0,0
20.38,24.45,273.46,61.69,0,0,0,1,1,1,0,0
19.27,17.68,355.68,62.28,1,0,0,1,1,1,0,1
25.3,17.45,271.69,66.18,1,0,0,0,1,1,0,0
23.46,23.06,225.25,66.14,0,0,0,0,1,1,0,0
32.15,25.99,285.59,69.2,0,1,1,0,1,1,0,0
33.02,20.16,79.5,68.75,0,0,1,0,0,0,0,0
33.41,24.08,442.53,57.99,0,0,1,0,0,1,1,0
37.51,20.08,360.57,59.69,0,0,1,0,1,1,1,0
25.88,24.59,492.54,64.53,0,0,0,0,0,1,0,0
21.95,18.43,357.72,67.08,1,0,0,1,1,1,0,0
34.29,16.9,512.68,64.23,1,0,1,0,0,0,0,0
28.43,19.28,282.2,68.18,1,1,0,0,1,1,0,0
32.32,22.77,400.32,65.44,0,0,1,0,0,1,0,0
28.73,23.61,426.93,64.86,0,0,0,0,0,1,0,0
33.75,20.3,335.22,70.64,0,0,1,0,1,1,0,1
34.74,24.0,0.0,69.98,0,0,1,0,0,0,0,0
33.66,20.75,438.24,66.98,0,0,1,0,0,1,0,0
26.79,23.59,292.43,67.54,0,1,0,0,1,1,0,0
21.69,19.84,432.14,63.67,1,0,0,1,0,1,0,0
29.57,23.27,266.71,68.9,0,0,0,0,1,1,0,0
33.29,21.6,120.38,69.44,0,0,1,0,1,0,0,0
31.53,28.55,261.52,63.96,0,1,1,0,1,1,0,0
33.82,24.16,288.29,57.21,0,0,1,0,1,1,1,1
22.3,24.52,389.0,64.65,0,0,0,0,1,1,0,0
36.35,19.95,211.47,68.78,1,0,1,0,1,1,0,0
33.84,21.12,276.72,59.07,0,0,1,0,1,1,1,0
21.97,20.71,275.19,65.02,0,0,0,1,1,1,0,0
22.59,21.62,269.95,62.97,0,0,0,0,1,1,0,0
33.98,22.67,111.27,64.22,0,0,1,0,1,0,0,0
42.06,24.76,159.12,59.27,0,0,1,0,1,0,1,0
30.77,24.61,260.34,76.64,0,0,1,0,1,1,0,1
34.53,19.98,394.41,63.98,1,0,1,0,0,1,0,0
24.22,26.69,217.9,60.15,0,1,0,0,1,1,0,0
33.26,19.63,299.57,59.62,1,0,1,0,1,1,1,0
23.92,21.95,382.64,67.22,0,0,0,0,1,1,0,0
37.39,22.53,401.69,60.64,0,0,1,0,0,1,0,0
14.76,19.86,298.27,63.01,1,0,0,1,1,1,0,0
31.63,25.23,319.47,63.34,0,1,1,0,1,1,0,0
37.95,21.96,352.92,64.21,0,0,1,0,1,1,1,0
31.12,23.75,221.36,70.99,0,0,1,0,1,1,0,1
23.14,23.31,114.44,58.18,0,0,0,0,1,0,1,0
23.16,22.7,199.31,60.11,0,0,0,0,1,0,0,0
28.69,21.09,331.3,63.47,0,0,0,0,1,1,0,0
27.91,22.1,385.59,73.39,0,0,0,0,1,1,0,1
23.07,20.03,258.12,56.32,0,0,0,0,0,1,1,0
21.57,22.17,268.6,65.68,0,0,0,1,1,1,0,0
20.5,22.09,374.26,71.51,0,0,0,1,1,1,0,1
19.74,26.37,349.91,57.95,0,1,0,1,1,1,1,0
31.46,25.46,447.45,60.13,0,1,1,0,0,1,0,0
26.71,20.66,442.45,61.43,0,0,0,0,0,1,0,0
29.61,19.69,240.05,61.04,1,0,0,0,1,1,0,0
35.01,21.33,314.44,66.63,0,0,1,0,1,1,0,0
26.31,22.46,300.57,64.34,0,0,0,0,1,1,0,0
26.31,26.29,185.44,68.7,0,0,0,0,1,0,0,0
19.53,21.94,513.2,63.02,0,0,0,1,0,0,0,0
22.71,19.56,368.27,75.97,1,0,0,0,1,0,0,1
26.85,20.07,219.68,62.95,0,0,0,0,1,1,0,0
26.94,23.71,84.25,69.31,0,0,0,0,0,0,0,0
35.39,19.65,270.5,68.88,1,0,1,1,1,0,0,0
37.53,21.23,451.44,68.64,0,0,1,0,0,1,0,0
31.57,24.73,299.19,71.44,0,0,1,0,1,1,0,1
27.73,20.33,335.78,68.86,0,0,0,0,1,1,0,0
30.63,20.64,167.95,61.15,0,0,1,0,1,0,0,0
34.51,27.27,145.98,67.97,0,1,1,0,1,0,0,0
26.76,22.22,356.65,64.12,0,0,0,0,1,1,0,0
30.32,20.92,110.23,72.24,0,0,1,0,1,0,0,1
26.45,25.53,343.28,69.87,0,1,0,0,1,1,0,0
21.53,22.92,427.01,66.83,0,0,0,1,0,1,0,0
22.39,22.51,423.24,63.0,0,0,0,0,0,0,0,1
33.65,21.61,288.99,69.27,0,0,1,0,1,1,0,0
22.64,22.99,351.82,64.06,0,0,0,0,1,1,0,0
28.1,22.63,200.94,76.71,0,0,0,0,1,1,0,1
32.78,22.65,292.12,62.27,0,0,1,0,1,1,0,0
27.48,17.77,514.34,70.1,1,0,0,0,0,0,0,1
28.12,28.65,314.76,59.71,0,1,1,0,1,1,1,0
31.74,25.28,346.25,72.16,0,1,1,0,1,1,0,1
17.28,18.48,259.02,62.79,1,0,1,1,1,1,0,0
26.91,25.16,323.75,62.23,0,1,0,0,1,1,0,0
31.16,24.87,447.61,66.43,0,0,0,0,0,1,0,0
34.87,22.14,239.79,62.05,0,0,0,0,1,1,0,0
28.66,24.24,403.08,73.37,0,0,0,0,0,1,0,1
20.78,22.62,316.08,64.71,0,1,0,1,1,1,0,0
32.36,24.08,258.65,67.35,0,0,1,0,1,1,0,0
29.48,21.6,268.08,62.12,0,0,0,0,1,1,0,0
15.64,22.76,243.15,64.76,0,0,0,1,1,1,0,0
29.79,21.13,401.02,65.5,0,0,0,0,0,1,0,0
35.88,19.61,249.4,66.53,1,0,1,0,1,1,0,1
36.94,22.1,482.85,62.92,0,0,1,0,0,1,0,0
37.05,23.66,361.2,61.33,0,1,1,0,1,1,0,0
21.24,23.79,284.0,60.19,0,0,0,1,1,1,0,0
22.8,25.73,409.06,62.72,0,1,0,0,0,1,0,0
23.99,20.77,416.72,66.59,0,0,0,0,0,1,0,0
24.86,23.9,277.6,74.71,0,0,0,0,1,1,0,1
26.55,22.69,180.19,73.94,0,0,0,0,1,0,0,1
27.5,23.36,293.27,70.51,0,0,0,0,1,1,0,1
24.29,20.99,381.05,62.23,1,0,0,0,1,1,0,0
29.23,25.36,441.54,69.62,0,1,0,0,0,1,0,0
28.8,23.27,232.97,67.95,0,0,0,0,1,1,0,0
38.2,20.3,191.28,70.17,0,0,1,0,1,0,0,1
24.56,21.98,209.94,66.67,0,0,0,0,1,1,0,0
18.2,22.09,139.09,62.52,0,0,0,0,1,0,0,0
19.94,22.11,187.15,59.13,0,0,0,1,1,0,1,0
24.67,19.61,169.94,63.7,1,0,0,0,1,0,0,0
37.93,23.36,379.53,74.9,0,0,1,0,1,1,0,1
14.26,24.57,491.94,67.84,0,1,0,1,0,1,0,0
26.96,21.09,183.58,62.31,0,0,0,0,1,0,0,0
20.75,20.37,229.09,63.59,0,0,0,1,1,1,0,0
24.05,23.53,508.08,66.74,0,0,0,0,0,0,0,0
24.55,21.33,234.55,63.37,0,0,0,0,1,1,1,0
29.43,26.61,139.94,67.27,0,1,0,0,1,0,0,0
34.0,30.0,318.51,68.42,0,1,1,0,1,1,0,0
24.98,24.37,153.32,67.43,0,0,0,0,1,0,0,0
26.01,22.08,332.64,68.29,0,0,0,0,1,1,0,0
31.31,20.56,195.05,64.34,0,0,1,0,1,0,0,0
18.2,25.51,135.42,56.89,0,1,0,1,1,0,1,0
23.38,24.9,299.29,65.21,0,0,0,0,1,1,0,0
25.92,24.55,281.62,65.58,0,0,0,0,1,1,0,0
25.59,24.39,356.21,64.83,0,0,0,0,1,1,0,0
25.68,26.68,220.71,63.1,0,1,0,0,1,1,0,0
21.88,22.95,375.64,58.6,0,0,0,1,1,1,1,0
20.05,21.07,226.6,73.35,0,0,0,1,1,1,0,1
23.62,27.07,326.51,65.02,0,1,0,0,1,1,0,0
25.93,23.23,159.68,62.83,0,1,0,0,1,0,0,0
27.11,21.07,208.94,70.95,1,0,0,0,1,1,0,1
22.87,23.89,250.21,69.06,0,0,0,0,1,1,0,0
20.28,19.95,501.49,70.84,1,0,0,1,0,0,0,1
26.81,24.05,286.94,57.45,0,0,0,0,1,1,1,0
23.38,25.63,255.83,72.56,0,1,0,0,1,1,0,1
19.59,19.62,202.71,72.88,1,1,0,1,1,1,0,1
26.56,17.08,293.21,69.71,1,0,0,0,1,1,0,0
34.35,23.94,400.59,61.85,0,0,1,0,0,1,0,0
29.84,25.51,274.51,72.18,0,1,0,0,1,1,0,1
25.9,22.71,506.77,63.18,0,0,1,0,0,0,1,0
30.47,24.28,325.77,57.1,0,0,1,0,1,1,1,0
31.3,17.73,259.66,63.55,1,0,1,0,1,1,0,0
25.2,23.52,528.65,71.97,0,0,0,0,0,0,0,1
30.07,23.96,279.01,62.7,0,0,1,0,1,1,0,0
29.22,21.62,230.01,69.67,0,0,0,0,1,1,0,0
24.48,22.65,114.81,65.73,0,0,0,0,1,0,0,0
25.25,24.41,571.43,61.28,0,0,0,0,0,0,0,0
35.95,20.3,353.1,64.69,0,0,1,0,1,1,0,0
20.45,21.57,335.76,71.33,0,0,0,1,1,1,0,1
27.3,19.9,227.77,66.73,1,0,0,0,1,0,0,0
16.61,20.03,232.24,66.44,0,0,0,1,1,1,0,0
27.15,19.23,75.67,71.68,1,0,0,0,0,0,1,1
32.46,24.54,121.29,56.1,0,0,1,0,1,0,1,0
25.03,23.48,203.59,65.52,0,0,0,0,1,1,0,0
26.03,23.52,138.74,66.03,0,0,0,0,1,0,0,0
25.59,21.57,428.89,60.92,0,0,0,0,0,1,0,0
32.1,17.52,245.39,71.66,1,0,1,0,1,1,0,1
34.43,18.36,438.88,54.75,1,0,1,0,0,1,1,0
32.79,21.17,324.69,64.43,0,0,1,0,1,1,0,0
25.06,22.06,307.74,72.28,0,0,0,0,1,1,0,1
15.86,20.56,289.23,69.73,0,0,0,1,1,1,0,0
32.61,23.65,415.52,57.6,0,0,1,0,0,1,1,0
34.03,25.8,166.72,56.77,0,1,1,0,1,0,1,0
12.92,23.12,435.19,63.53,0,0,0,1,0,1,0,0
24.09,22.79,313.51,66.15,0,0,0,0,1,1,0,0
24.1,21.41,213.02,68.83,0,0,0,0,1,1,0,0
23.71,24.18,279.3,60.15,0,0,0,0,1,1,0,0
29.71,25.04,440.36,63.37,0,1,0,0,0,1,0,0
27.92,22.78,345.58,65.53,0,0,0,0,1,1,0,0
17.84,24.47,174.31,73.56,0,1,0,1,1,0,0,1
28.31,21.99,358.86,69.91,0,0,0,0,1,1,0,0
30.31,18.72,371.44,68.08,1,0,1,0,1,1,0,0
32.76,21.84,316.64,65.53,0,0,1,0,1,1,0,0
26.94,16.11,300.03,73.0,1,0,0,0,1,1,0,1
19.56,21.16,253.76,64.81,0,0,0,1,1,1,0,0
30.12,24.1,430.86,65.51,0,0,1,0,0,1,0,0
27.21,23.14,37.66,74.0,0,0,0,0,0,0,0,1
25.07,20.84,160.81,66.61,0,0,0,0,1,0,0,0
27.24,19.76,438.15,71.67,1,0,0,0,0,1,0,1
23.81,16.71,343.25,64.45,1,0,0,0,1,1,0,0
36.04,24.04,215.85,61.27,0,0,1,0,1,1,0,0
26.6,19.51,269.28,59.3,1,0,0,0,1,1,1,0
33.36,22.51,243.2,70.71,0,0,1,0,1,1,0,1
37.76,25.7,383.42,56.56,0,1,1,0,1,1,1,0
26.25,21.08,349.49,50.06,0,0,0,0,1,1,1,0
27.28,20.43,288.03,55.53,0,0,0,0,1,1,1,0
27.44,20.3,349.64,58.54,0,0,0,0,1,1,1,0
16.62,22.78,286.8,58.0,0,0,0,1,1,1,1,0
29.29,21.56,330.66,61.73,0,0,0,0,1,1,0,0
25.98,24.4,227.16,61.87,0,0,0,0,1,1,0,0
22.7,21.13,194.92,64.98,0,0,0,0,1,0,0,0
27.45,23.5,56.51,64.73,0,0,0,0,0,0,0,0
26.17,19.8,273.87,61.58,1,0,1,0,1,1,0,0
24.0,23.31,270.42,66.26,0,0,0,0,1,1,0,0
28.56,18.26,314.82,74.77,1,0,0,0,1,1,0,1
31.14,22.93,183.69,68.44,0,0,1,0,1,0,0,0
29.85,20.53,414.5,56.76,0,0,0,0,0,1,1,0
31.65,23.25,272.7,67.76,0,0,1,0,1,1,0,0
25.0,17.84,241.25,73.77,1,0,0,1,1,1,0,1
35.17,23.39,224.44,72.79,0,0,0,0,1,1,0,1
27.66,21.85,95.46,63.11,0,0,0,0,0,0,1,0
30.83,22.11,404.26,60.38,0,0,1,0,0,1,0,0
27.37,22.19,300.63,57.54,0,0,0,0,0,1,1,0
28.41,24.07,318.61,62.72,0,0,0,0,1,1,0,0
34.33,26.39,355.12,58.59,0,1,1,0,1,1,1,0
31.72,21.07,120.46,69.0,0,0,1,0,1,0,0,0
23.38,17.03,333.28,66.13,1,0,0,0,1,1,0,0
28.56,22.21,337.3,60.93,0,0,0,0,0,1,0,0
37.22,20.46,224.83,68.34,0,0,1,0,1,1,0,0
25.54,24.16,287.08,70.66,0,0,0,0,1,1,0,1
24.55,21.61,251.56,67.8,0,0,0,0,1,1,0,0
25.85,23.23,136.36,67.32,0,0,0,0,1,0,0,0
28.27,21.01,254.49,63.21,0,0,0,0,1,1,0,0
27.0,23.69,306.93,74.43,0,0,0,0,1,1,0,1
29.66,22.69,229.78,65.79,0,0,0,0,1,1,0,1
34.09,22.54,611.18,76.68,0,0,1,0,0,0,0,1
35.12,22.86,133.67,52.09,0,1,1,0,1,0,1,0
30.05,20.66,400.6,66.85,0,0,1,0,0,1,0,0
27.73,25.61,318.73,62.85,0,1,0,0,1,1,0,0
22.91,26.02,291.45,56.08,0,1,0,0,1,0,1,0
24.12,24.04,208.89,65.08,0,0,0,0,1,1,0,0
22.8,23.26,318.98,60.83,0,0,0,0,0,1,0,0
29.73,23.01,274.21,69.4,0,0,0,0,1,1,0,0
32.81,22.94,463.17,68.31,0,0,1,0,0,1,0,0
26.63,22.13,155.66,69.91,0,0,0,1,1,0,0,0
30.78,25.54,180.57,67.81,0,1,1,0,1,0,0,0
27.29,20.2,211.53,62.81,0,0,0,0,1,1,0,0
29.49,19.56,360.12,63.81,1,0,0,0,1,1,0,0
22.92,22.65,49.73,62.92,0,0,0,0,0,0,0,0
30.22,23.99,232.35,67.38,0,0,1,0,1,1,0,0
31.83,26.7,235.08,58.98,1,1,0,0,1,1,1,0
33.12,22.23,188.33,64.59,0,0,1,0,1,0,0,0
12.6,23.8,299.01,73.23,0,0,0,1,1,0,0,1
25.12,22.08,572.33,75.82,0,0,0,0,0,0,0,1
18.87,16.39,126.02,68.99,1,0,0,1,1,0,0,0
28.4,23.18,304.81,62.0,0,0,0,0,1,1,0,0
31.47,20.9,77.62,59.76,0,0,1,0,0,0,1,0
20.33,22.11,226.45,57.49,0,0,0,1,1,1,1,0
27.15,20.59,380.81,64.04,0,0,0,0,1,1,0,0
33.72,25.31,232.6,66.97,0,1,1,0,1,1,0,0
34.67,22.57,515.28,61.77,0,0,1,0,0,0,0,0
21.42,21.4,191.52,57.76,0,0,0,1,1,0,1,0
23.37,19.31,210.24,66.66,1,0,0,0,1,1,0,0
30.93,27.83,179.01,63.05,0,1,1,0,1,0,0,0
30.61,23.14,195.01,68.09,0,0,1,0,1,0,0,0
27.59,22.67,250.88,70.18,0,0,0,0,1,1,0,1
36.31,19.51,436.65,59.5,1,0,1,0,0,1,1,0
25.41,18.85,203.88,70.75,1,0,0,0,1,1,0,1
26.32,22.87,321.15,56.17,0,0,0,0,1,1,1,0
30.92,24.42,458.54,78.14,0,0,1,0,0,1,0,1
27.62,19.58,127.63,69.08,1,0,0,0,1,0,0,0
34.29,21.44,347.77,58.67,0,0,1,0,1,1,1,0
26.69,24.01,135.32,72.1,0,0,0,0,1,0,0,1
13.64,25.18,274.72,60.02,0,1,0,1,1,1,0,0
32.71,23.64,308.52,65.96,0,0,1,0,1,1,0,0
24.72,20.18,335.05,69.37,0,0,0,0,1,1,0,0
32.52,18.47,221.93,74.56,1,0,1,0,1,1,0,1
17.16,19.68,302.13,54.0,1,0,0,1,0,1,1,0
27.63,23.93,267.99,60.71,0,0,0,0,1,1,0,0
32.09,20.11,229.78,68.53,0,0,1,0,1,1,0,0
19.96,23.92,256.01,70.31,0,0,0,1,1,1,0,1
30.62,23.44,513.44,60.91,0,0,1,0,0,0,0,0
14.96,21.05,82.38,57.87,0,0,0,1,0,0,1,0
31.2,24.06,243.12,63.54,0,0,1,0,1,1,0,0
30.35,22.63,354.02,76.02,0,0,1,0,1,1,0,1
35.51,24.68,319.36,74.37,0,1,1,0,1,1,0,1
23.33,19.74,92.28,74.65,1,0,0,0,0,0,0,1
32.53,18.56,422.44,74.86,1,0,1,0,0,1,0,1
26.47,21.43,394.74,52.52,0,0,1,0,1,1,1,0
32.47,19.06,408.4,65.16,1,0,1,0,0,1,0,0
31.76,17.33,325.67,62.05,1,0,1,0,1,1,0,0
30.02,23.21,271.19,64.08,0,0,1,0,1,1,0,0
28.03,21.25,469.15,69.65,0,0,0,0,0,1,0,0
27.83,20.96,372.26,70.88,0,0,0,0,1,1,0,1
22.36,21.77,171.35,65.99,0,0,0,0,1,0,0,0
31.74,23.62,411.52,70.27,0,0,1,0,0,1,0,1
32.33,19.91,282.46,58.39,1,0,1,0,1,1,1,0
18.99,23.51,265.41,66.55,0,0,0,1,1,1,0,0
25.49,18.18,444.28,76.8,1,0,0,1,0,1,0,1
25.51,27.59,233.9,64.12,0,1,0,0,1,1,0,0
32.03,22.89,512.32,63.71,0,0,1,0,0,0,0,0
29.42,19.62,285.73,66.97,1,0,0,0,1,1,0,0
26.59,21.09,291.31,56.33,0,0,0,0,1,1,1,0
24.29,23.4,296.9,57.4,0,0,0,0,1,1,1,0
27.87,24.13,362.71,70.95,0,0,1,0,1,1,0,1
30.82,21.79,367.32,75.76,0,0,1,0,1,1,0,1
24.28,23.24,250.67,75.26,0,0,0,0,1,0,0,1
23.36,25.22,250.14,60.85,0,1,0,0,1,1,0,0
35.71,23.8,294.56,68.61,0,0,1,0,1,1,0,0
20.6,19.77,458.35,65.54,1,0,0,1,0,1,0,0
30.17,21.79,180.24,68.62,0,0,1,0,1,0,0,0
25.58,24.46,299.53,72.94,0,0,0,0,1,1,0,1
21.01,23.5,263.84,61.79,0,0,0,1,1,1,0,0
22.5,18.91,199.02,73.5,1,0,0,0,1,0,0,1
26.72,24.49,338.62,61.41,0,0,0,0,1,1,1,0
15.88,21.97,333.63,66.67,0,0,0,0,1,1,0,0
31.75,24.46,141.7,59.65,0,0,1,0,1,0,1,0
28.11,22.13,306.17,62.77,0,0,0,0,1,1,0,0
24.07,20.16,482.73,69.95,0,0,0,0,0,1,0,0
28.73,23.28,307.81,67.67,0,0,0,0,1,1,0,0
24.42,17.33,178.95,75.02,1,0,0,0,1,0,0,1
26.55,21.6,294.0,64.66,0,0,0,1,1,1,0,0
30.36,23.21,292.17,71.5,0,0,1,0,1,1,0,1
25.56,24.42,413.15,68.19,0,0,0,0,0,1,0,0
24.28,22.86,322.16,66.09,0,0,0,0,0,1,0,0
33.18,26.6,457.03,71.12,0,1,1,0,0,1,0,1
29.61,20.48,356.02,68.45,0,0,0,0,1,1,0,0
30.14,20.9,559.23,67.69,0,0,1,0,1,0,0,0
28.61,23.01,392.33,62.01,0,0,0,0,1,1,0,0
30.92,26.07,267.64,61.25,0,1,1,0,1,1,0,0
32.38,21.65,277.73,64.2,0,0,1,0,1,1,0,0
35.4,23.31,163.95,63.42,0,0,1,0,1,0,0,0
27.91,21.04,216.19,53.68,0,0,0,0,1,1,1,0
33.02,23.39,276.16,55.08,0,0,1,0,1,1,1,0
17.91,22.36,228.1,65.36,0,0,0,1,1,1,0,0
31.44,24.1,141.3,65.89,0,0,1,0,1,0,0,0
18.3,20.05,486.8,64.56,0,0,0,1,0,1,0,0
21.42,19.0,309.07,59.89,0,0,0,1,1,1,1,0
23.16,26.41,269.86,64.73,0,1,0,0,1,1,0,0
30.06,22.53,276.56,56.7,0,0,1,0,1,1,1,0
19.97,25.92,267.9,59.59,0,1,1,0,1,1,1,0
26.02,25.5,497.46,61.8,0,1,0,0,0,1,0,0
30.39,24.13,260.22,62.68,0,0,1,0,1,1,0,0
27.0,25.88,394.28,62.69,0,1,0,0,1,1,0,0
25.09,18.62,300.71,75.5,1,0,0,0,1,1,0,1
25.52,22.35,202.76,68.24,0,0,0,0,1,1,0,0
35.48,20.7,253.93,73.71,0,0,1,0,1,1,0,1
29.09,24.54,307.05,60.31,0,0,0,0,1,1,0,0
25.48,21.31,282.06,57.96,0,0,0,0,1,1,1,0
27.28,19.9,99.59,63.9,1,0,0,0,0,0,0,0
25.95,21.7,380.24,64.25,1,0,0,0,1,1,0,0
23.19,19.36,414.33,65.39,1,0,0,0,0,1,1,0
23.74,21.08,388.4,64.48,0,0,0,0,1,1,0,0
29.06,22.18,83.24,69.51,0,0,0,0,0,0,0,0
33.7,21.79,367.8,67.9,0,0,1,0,1,1,0,0
28.79,19.81,333.11,61.26,1,0,0,0,1,1,0,0
31.2,18.23,227.71,58.03,1,0,1,0,1,1,1,0
27.01,24.18,305.66,60.56,0,0,0,0,1,1,0,0
30.78,26.02,268.62,72.41,0,1,1,0,1,1,0,1
20.27,19.22,458.9,60.63,1,0,0,0,0,1,0,0
29.09,22.08,199.85,61.42,0,0,0,0,1,0,0,0
27.18,21.55,367.63,63.16,0,0,0,0,1,1,0,0
29.77,24.61,350.82,71.87,0,0,0,0,1,1,0,1
28.53,24.94,417.42,58.07,0,0,0,0,0,1,0,0
23.43,22.36,320.87,59.2,0,0,0,0,1,1,1,0
31.07,22.51,278.18,65.67,0,0,1,0,1,1,0,0
30.82,19.6,302.13,69.83,1,0,1,0,1,1,0,0
23.7,18.92,299.34,76.96,1,0,0,0,1,1,0,1
28.41,23.2,384.39,72.17,0,0,0,0,1,1,0,1
33.94,18.73,336.4,58.21,1,0,1,0,1,1,1,0
19.88,21.79,337.23,66.41,0,0,0,1,1,1,0,0
29.35,22.36,130.67,59.75,0,0,0,0,1,0,1,0
22.46,25.45,423.44,63.68,0,1,0,1,0,1,0,0
28.92,20.77,294.79,62.37,0,0,0,0,1,1,0,0
29.91,21.26,99.32,68.44,0,0,0,0,0,0,0,0
26.3,29.12,332.58,66.98,0,1,0,0,1,1,0,0
35.81,21.58,227.82,76.15,0,0,1,0,1,1,0,1
33.31,22.5,373.89,72.28,0,0,1,0,1,1,0,1
